,Nonfunctional_Feature,Origin-Num_Cat,Origin-Cat,E100-Num_Ad_Cat,E100-Ad_Cat,E100-Num_NotIn_Origin
0,hot,4,[0.         0.01980198 0.00990099 0.02970297],7030,[0.00394505 0.00186718 0.00313759 ... 0.00017324 0.0057928  0.00073594],7029
1,num_failed_logins,1,[0.],1,[0.],0
2,logged_in,2,[0. 1.],1,[0.],0
3,num_compromised,2,[0.         0.00125628],1,[0.],0
4,root_shell,1,[0.],1,[0.],0
5,su_attempted,1,[0.],628,"[0.00000000e+00 5.10327500e-04 3.81320700e-05 5.25489450e-04
 2.41532920e-04 1.90220770e-03 1.55173240e-03 4.37781210e-04
 7.83242300e-04 1.97984280e-04 1.36772540e-03 1.35866550e-03
 1.52955200e-03 1.10551715e-04 5.04180800e-05 1.46581980e-03
 2.66887250e-04 3.46176330e-04 4.88758100e-05 1.63313750e-03
 1.14873050e-04 8.65630800e-04 1.38166550e-03 1.55018270e-03
 1.92381440e-04 7.76216400e-04 1.92476060e-03 9.99800900e-04
 4.01079650e-04 2.29254360e-05 1.05031580e-03 4.80189920e-05
 1.10553200e-03 1.28306450e-04 8.17999240e-05 1.09200180e-03
 2.43708500e-05 3.70867550e-04 2.95564530e-04 8.88802100e-04
 4.34964900e-05 7.05599800e-04 4.36663630e-04 1.43842400e-03
 1.26324600e-04 5.24163250e-04 9.18813050e-04 1.89028680e-04
 1.38089060e-04 7.34232370e-04 4.81590630e-04 1.32920590e-03
 1.53811280e-03 1.08659270e-04 1.81205570e-04 5.51693140e-04
 9.33535400e-04 5.05022700e-04 2.52075500e-04 1.37566780e-03
 9.14588570e-04 1.62050130e-04 3.60712400e-04 3.29636040e-04
 4.63277100e-05 9.23387700e-04 6.26593830e-06 1.07586380e-05
 1.84369830e-03 3.18527220e-04 2.11016830e-03 5.95159800e-04
 2.13053080e-03 1.09955670e-04 1.59278510e-04 1.36882070e-04
 3.00988550e-04 1.33965160e-03 1.14775450e-03 4.57130370e-04
 8.82677730e-04 2.91623180e-04 2.90885570e-04 5.92030600e-04
 4.94569540e-05 9.71183200e-05 5.27828930e-04 3.11404470e-04
 6.23807300e-04 1.27578530e-03 9.65282300e-04 8.52555040e-04
 4.79772700e-04 2.92122360e-04 6.30445800e-04 1.86629600e-04
 8.90806300e-04 4.86679380e-04 1.25452880e-03 7.08624700e-05
 7.32645400e-04 4.06704840e-04 5.51342960e-06 1.02991610e-03
 7.78675100e-04 6.67572000e-06 2.74784860e-04 6.34461640e-04
 7.86475840e-04 8.79988100e-04 6.69099400e-04 1.19818750e-03
 1.30757690e-05 2.31422480e-04 2.09309160e-04 6.18599360e-04
 4.60125500e-04 2.16573480e-04 4.18409700e-04 4.52771800e-05
 4.41074370e-05 1.04926530e-03 5.51037500e-04 9.63419700e-04
 2.58833170e-05 2.83993780e-04 6.24813140e-04 2.18743830e-03
 1.70946120e-03 8.69907440e-04 2.89902100e-04 1.16750600e-04
 5.71161500e-05 1.75800170e-03 1.86994670e-04 7.94060500e-04
 5.63807800e-04 1.33223830e-04 1.01600590e-03 5.26785850e-04
 3.19965180e-04 2.59533520e-04 1.47468600e-03 9.37573600e-04
 1.87180940e-04 5.90920450e-04 4.89272200e-04 8.26977200e-04
 7.06911100e-05 5.87008900e-04 5.73329600e-04 3.23489300e-04
 3.30820680e-04 7.83830900e-04 4.12970780e-04 1.27032400e-05
 1.08003620e-03 1.32333490e-03 3.32348050e-04 1.38098000e-03
 3.47636640e-04 8.98905100e-04 1.15281340e-03 5.34683470e-04
 6.39073550e-04 9.46380200e-04 7.73280860e-04 1.57826390e-03
 3.77096240e-04 2.60397800e-04 3.78265980e-05 4.48070470e-04
 7.91475200e-04 8.70376800e-05 8.39442000e-04 6.21810560e-04
 1.55322250e-04 2.84686680e-04 1.70409680e-04 3.22163100e-05
 3.45781450e-04 1.41367320e-04 9.10237400e-05 7.17617600e-04
 3.66121530e-04 5.11884700e-04 8.25837250e-04 1.35056670e-04
 1.49114430e-03 2.25372610e-04 1.95086000e-04 6.89737500e-04
 5.25519250e-04 1.15609910e-03 1.47700310e-04 5.74395060e-04
 5.37946800e-04 6.91689550e-04 6.49392600e-05 9.71332200e-04
 5.15639800e-04 7.86297000e-04 5.26405900e-04 4.29943200e-04
 6.77175800e-04 1.16425010e-03 1.10422070e-03 4.22604380e-04
 7.41787250e-04 2.02827160e-04 3.08722260e-04 5.42886560e-04
 2.08541750e-05 2.12232020e-03 7.47740270e-04 7.31274500e-04
 2.78800730e-05 1.08515470e-03 1.07482076e-04 5.23306430e-04
 2.87719070e-04 2.77988600e-04 7.76737900e-04 8.74623660e-05
 8.04528600e-04 9.39831140e-04 1.77256760e-04 1.23576820e-03
 5.61565160e-04 1.95167960e-03 7.70762560e-05 1.72180680e-03
 1.22247640e-03 5.11728200e-04 8.96401700e-04 7.54587350e-04
 2.61127950e-04 8.58947630e-04 2.68295400e-05 1.81014840e-03
 1.71290340e-03 9.01900230e-04 5.05521900e-05 5.66899800e-04
 7.12767240e-04 5.80698250e-04 1.45852570e-04 6.98439800e-04
 5.05663450e-04 6.86362400e-04 2.44349240e-04 2.30208040e-04
 1.32942200e-03 1.10542770e-03 4.17105850e-04 9.08881400e-04
 8.95455500e-04 6.11975800e-04 5.67160550e-04 8.92356040e-04
 7.00451430e-04 1.25460330e-04 9.24043360e-04 6.87241550e-05
 6.68793900e-04 6.91272300e-04 2.83703200e-04 8.74102100e-05
 6.28866260e-04 7.11247300e-04 3.14466660e-04 1.24158710e-03
 7.13169600e-05 1.09153990e-03 3.63804400e-04 2.51851980e-04
 4.44397330e-04 1.40151380e-03 9.14320350e-04 1.68247520e-03
 1.15498900e-04 6.88217600e-04 3.60250470e-04 3.53157520e-04
 1.18128955e-04 8.34964200e-04 3.36051000e-04 1.89015270e-03
 2.39223240e-04 6.79820800e-04 2.93023880e-04 3.98591160e-04
 1.61958490e-03 3.03909180e-04 9.60566100e-04 1.85857710e-03
 6.72005100e-04 5.25243600e-04 2.02043350e-03 6.13883140e-04
 5.70267440e-05 6.58921900e-04 1.20624900e-03 1.57851730e-03
 8.66219400e-04 4.13402920e-04 3.83183360e-04 3.58760360e-04
 1.20162964e-04 3.29218800e-04 8.65235900e-05 2.76535750e-03
 6.17429600e-04 9.91776600e-04 4.88661230e-04 1.18586420e-03
 1.84915960e-04 2.21103430e-04 4.39271330e-04 1.21866910e-03
 1.08526650e-03 3.41765580e-04 7.24151730e-04 1.39692430e-03
 2.16424470e-04 3.41936950e-04 3.59244640e-04 3.00332900e-04
 3.74987720e-05 9.95002700e-04 2.11685900e-04 5.70155700e-04
 1.15651640e-03 1.26205380e-03 2.58386140e-04 4.46423900e-04
 1.30385160e-05 1.32927300e-03 1.26382710e-03 2.62267900e-04
 3.21775670e-04 6.25371930e-04 6.30766150e-05 2.00741000e-04
 6.51426600e-04 3.65898000e-04 4.31239600e-05 7.21730300e-04
 1.08265130e-03 9.89019900e-04 2.16037030e-04 1.97029860e-03
 1.61223110e-04 4.41871580e-04 5.78574840e-04 8.78326600e-04
 5.61989840e-04 4.79780140e-04 2.31117010e-05 2.03564760e-04
 1.09556320e-03 1.45430120e-03 6.45682200e-04 3.25150800e-04
 9.18753450e-04 7.31647000e-04 2.64883040e-04 2.05680730e-04
 2.80886890e-05 1.16938350e-03 2.54653400e-04 8.96319750e-04
 6.85453400e-04 3.46392400e-04 4.99971200e-04 5.15967600e-04
 1.47409740e-04 2.16826800e-04 9.97632740e-05 7.52717260e-04
 2.47731800e-05 6.91160560e-04 1.83194880e-04 5.09493050e-04
 1.41291320e-03 1.13150480e-03 4.54187400e-04 1.59792600e-04
 2.63310970e-04 7.68080350e-05 7.99424950e-04 5.03793360e-04
 1.37849900e-03 1.41045450e-03 1.34333970e-04 1.95242460e-04
 8.51862130e-04 8.01503660e-04 7.90946200e-04 1.19065490e-03
 1.01649020e-03 1.65902080e-04 9.59493200e-04 2.88896260e-04
 4.90888950e-04 1.76954270e-03 6.35482370e-04 1.06945634e-04
 6.98193900e-05 8.78721500e-05 3.06651000e-04 3.90850000e-04
 4.50812280e-04 4.21740110e-04 8.63999100e-04 7.88643960e-04
 1.20461730e-03 4.47295600e-04 6.25088800e-04 2.44781370e-03
 1.71095130e-04 1.58042460e-03 9.36560330e-04 9.20891760e-04
 9.78313400e-04 3.88517980e-04 1.27639620e-03 1.74976890e-04
 1.34914370e-03 5.18053770e-04 1.13928320e-03 4.13246450e-04
 3.06487080e-04 1.22013690e-03 1.50579210e-03 1.36229400e-03
 9.70654200e-04 3.01688900e-04 3.52606180e-04 3.83511200e-04
 1.94519760e-04 2.95236700e-04 2.80551600e-04 3.79540030e-04
 2.69934540e-04 1.48478900e-03 3.92779700e-04 1.95629900e-04
 3.64094970e-04 3.16590070e-04 1.07610970e-03 1.40456860e-03
 1.49022040e-03 1.82868540e-03 3.47740950e-04 2.34514470e-04
 1.35038790e-03 9.62838500e-05 5.87120650e-04 1.46835300e-03
 2.06589700e-04 2.56009400e-04 1.46925450e-04 1.59529600e-03
 2.25231050e-04 7.42808000e-04 6.99400900e-04 1.30863490e-03
 7.67000000e-04 2.15819480e-03 1.35168430e-04 2.22668050e-04
 7.50422500e-05 1.12652780e-04 8.14706100e-04 1.04062260e-04
 2.11708250e-04 2.20574440e-04 8.69572160e-04 2.79387090e-03
 1.81972980e-04 3.42302020e-04 3.81939100e-04 2.20485030e-04
 9.88200300e-04 9.94361900e-04 8.21322200e-04 7.75858760e-04
 5.49830500e-04 1.77256020e-03 2.76863570e-05 1.48391720e-03
 7.02291700e-05 2.83740460e-04 1.23389070e-04 7.20404100e-04
 5.62354900e-04 1.56164170e-04 3.71716920e-04 1.70002130e-03
 6.28381970e-04 1.08413400e-04 5.40882350e-04 3.69884070e-04
 2.99908220e-04 7.66515700e-05 2.47158100e-04 3.49283220e-05
 2.14748080e-04 8.71166600e-04 1.64568420e-03 9.74819060e-04
 5.08226450e-04 1.26421450e-03 1.39974060e-04 5.42968500e-04
 2.02536580e-04 4.12829220e-04 6.08786940e-04 6.41196970e-04
 5.31233850e-04 1.20710580e-03 1.28619370e-03 2.92919580e-04
 9.88401500e-04 1.06399510e-03 2.10113820e-04 8.99769370e-04
 1.00642440e-04 2.37897040e-05 1.74574550e-04 1.01377820e-03
 5.37939370e-04 1.76790360e-03 3.00928950e-04 5.44644900e-04
 4.49016700e-04 1.03063880e-04 4.76375220e-04 4.73923980e-04
 1.61605330e-03 3.57404350e-05 8.58560200e-04 6.61954300e-04
 8.06175200e-04 1.31233780e-03 5.42759900e-04 2.27652490e-04
 7.71865250e-04 8.94941400e-04 4.29525970e-04 1.66252260e-04
 2.39886340e-04 1.58125910e-03 1.87981870e-03 1.16136670e-03
 7.26923350e-04 9.81800300e-04 4.90993260e-04 6.81176800e-04
 3.52785000e-05 1.85921790e-04 1.49816270e-04 2.95043000e-04
 7.99849630e-04 1.34281810e-04 4.71010800e-04 8.42362640e-05
 7.99916700e-04 5.46567140e-04 1.11758710e-04 1.97783110e-04
 1.54189770e-04 1.36170540e-03 4.09029420e-04 7.26029300e-04
 5.84252200e-04 1.12091750e-03 8.54693350e-04 1.26086180e-04
 4.42981720e-04 2.33814120e-04 1.95927920e-04 9.49248700e-04
 2.43917110e-04 6.78703200e-04 3.71530650e-04 4.96119260e-04
 9.25704840e-04 1.30539390e-03 4.03031700e-04 1.82773920e-03
 4.82536850e-04 6.21542330e-04 6.07207400e-04 1.06449430e-03
 9.61870000e-06 3.70241700e-04 8.73796640e-04 3.89672820e-04
 1.70946120e-04 1.30057330e-04 8.40052960e-04 3.99425630e-04
 9.49218870e-04 7.13653860e-04 1.25137720e-03 7.55608100e-04
 5.56468960e-04 1.66483220e-04 3.09549270e-04 1.99601050e-04
 2.01761720e-04 1.56223770e-04 6.36674460e-04 1.50387730e-03
 2.92770560e-04 9.77195800e-04 1.55276800e-03 1.11962850e-03
 6.45019100e-04 2.17261170e-03 1.97760760e-04 3.16355380e-03
 1.14949790e-03 1.74954530e-03 2.02735510e-03 7.28741300e-05]",627
6,num_root,1,[0.],1,[0.],0
7,num_file_creations,1,[0.],1,[0.],0
8,num_shells,1,[0.],1,[0.],0
9,num_access_files,1,[0.],635,"[0.00000000e+00 1.16084520e-03 1.10283494e-04 1.19458140e-03
 5.62816860e-04 4.25754500e-03 3.47779700e-03 9.99435800e-04
 1.76803770e-03 4.65929500e-04 3.06840240e-03 3.04825600e-03
 3.42844430e-03 2.71394850e-04 1.37627120e-04 3.28665970e-03
 6.19232650e-04 7.95632600e-04 1.34184960e-04 3.65890560e-03
 2.81021000e-04 1.95133690e-03 3.09942660e-03 3.47433980e-03
 4.53472140e-04 1.75240640e-03 4.30771700e-03 2.24983700e-03
 9.17792300e-04 7.64578600e-05 2.36222150e-03 1.32277610e-04
 2.48506670e-03 3.10912730e-04 2.07424160e-04 2.45496630e-03
 7.96616100e-05 8.50558300e-04 6.83024500e-04 2.00288000e-03
 1.22219320e-04 1.59528850e-03 9.96947300e-04 3.22571400e-03
 3.06487080e-04 1.19161610e-03 2.06965200e-03 4.46006660e-04
 3.32683320e-04 1.65899100e-03 1.09690430e-03 2.98270580e-03
 3.44750290e-03 2.67207620e-04 4.28602100e-04 1.25287470e-03
 2.10240480e-03 1.14902850e-03 5.86271300e-04 3.08607520e-03
 8.16583600e-06 2.06026430e-03 3.85984780e-04 8.27983000e-04
 7.58826730e-04 1.28522520e-04 2.07982960e-03 3.93837700e-05
 4.93824500e-05 4.12736830e-03 7.34105700e-04 4.72022600e-03
 1.34956840e-03 4.76552550e-03 2.70083550e-04 3.79815700e-04
 3.29986210e-04 6.95094470e-04 3.00595160e-03 2.57900360e-03
 1.04248520e-03 1.98926030e-03 6.74262640e-04 6.72608600e-04
 1.34262440e-03 1.35481360e-04 2.41503120e-04 1.19978190e-03
 7.18280700e-04 1.41330060e-03 2.86385420e-03 2.17303630e-03
 1.92223490e-03 1.09285120e-03 6.75365300e-04 1.42808260e-03
 4.40657140e-04 2.00733540e-03 1.10822920e-03 2.81657280e-03
 1.83105470e-04 1.65547430e-03 9.30309300e-04 3.77148400e-05
 2.31684740e-03 1.75786020e-03 4.02927400e-05 6.36786200e-04
 1.43700840e-03 8.41915600e-06 1.77522000e-03 1.98328500e-03
 1.51407720e-03 2.69120930e-03 5.45382500e-05 5.40331000e-04
 4.91127400e-04 1.40172240e-03 1.04914600e-03 5.07280230e-04
 9.56341600e-04 1.26168130e-04 1.23590230e-04 2.35988200e-03
 1.25141440e-03 2.16889380e-03 8.30292700e-05 6.57290200e-04
 1.41555070e-03 4.89214060e-03 3.82871930e-03 1.96084380e-03
 6.70433040e-04 2.85193320e-04 1.52528290e-04 3.93670800e-03
 4.41476700e-04 1.79210300e-03 1.27981600e-03 3.21850180e-04
 2.28588280e-03 1.19745730e-03 7.37324360e-04 6.02856300e-04
 3.30637400e-03 2.11139020e-03 4.41879030e-04 1.34013590e-03
 1.11399590e-03 1.86534230e-03 1.82718040e-04 1.33143370e-03
 1.30102040e-03 7.45162370e-04 7.61479140e-04 1.76933410e-03
 9.44241900e-04 5.37037850e-05 2.42835280e-03 5.67734240e-06
 2.96965240e-03 7.64861700e-04 3.09789180e-03 7.98866150e-04
 2.02536580e-03 2.59025400e-03 1.21502580e-03 1.44727530e-03
 2.13098530e-03 1.74586470e-03 3.53682040e-03 8.64431260e-04
 6.04793430e-04 1.09598040e-04 1.02233890e-03 1.78635120e-03
 2.19076870e-04 1.89305840e-03 1.40887500e-03 3.71009100e-04
 6.58825040e-04 4.04581430e-04 9.71257700e-05 7.94753430e-04
 3.39955100e-04 2.27957960e-04 1.62203610e-03 8.39993360e-04
 1.16430220e-03 1.86279420e-03 3.25933100e-04 3.34298600e-03
 5.26860360e-04 4.59477300e-04 1.56000260e-03 1.19462610e-03
 2.59758530e-03 3.54051600e-04 1.30337480e-03 1.22228260e-03
 1.56433880e-03 1.69917940e-04 2.18649200e-03 1.17266180e-03
 1.77483260e-03 1.19660800e-03 9.82001400e-04 1.53206290e-03
 2.61570510e-03 2.48214600e-03 9.65669750e-04 1.67579950e-03
 4.76703050e-04 7.12305300e-04 1.23327970e-03 7.18385000e-05
 4.74725660e-03 1.68904660e-03 1.65240470e-03 8.74698160e-05
 2.43973730e-03 2.64570120e-04 1.18972360e-03 6.65575270e-04
 6.43923900e-04 4.15742400e-06 1.75355370e-03 2.20045450e-04
 1.81537870e-03 2.11641200e-03 4.19810400e-04 2.77481970e-03
 1.27482410e-03 4.36760500e-03 1.96933750e-04 3.85618200e-03
 2.74525580e-03 1.16394460e-03 2.01979280e-03 1.70427560e-03
 6.06402750e-04 1.93646550e-03 8.51452350e-05 4.05272840e-03
 3.83637850e-03 2.03201170e-03 1.37925150e-04 1.28670040e-03
 1.61123280e-03 1.31739680e-03 3.49953770e-04 1.66893000e-06
 1.57935920e-03 1.15045900e-03 1.55249240e-03 5.69075350e-04
 5.37619000e-04 2.98319760e-03 2.48484310e-03 9.53435900e-04
 2.04755370e-03 2.01767680e-03 1.38700010e-03 1.28728150e-03
 2.01077760e-03 1.58382950e-03 3.04579730e-04 2.08129000e-03
 1.78352000e-04 1.51339170e-03 1.56341490e-03 6.56634570e-04
 2.19911340e-04 1.42456590e-03 1.60785020e-03 7.25090500e-04
 2.78776880e-03 1.84103850e-04 2.45395300e-03 8.34852460e-04
 5.85779550e-04 1.01415810e-03 3.14359370e-03 2.05965340e-03
 3.76868250e-03 2.82406800e-04 1.55660510e-03 8.26954840e-04
 8.11159600e-04 2.88262960e-04 1.88310440e-03 7.73102050e-04
 4.23072300e-03 5.57675960e-04 1.53793400e-03 6.77377000e-04
 9.12249100e-04 3.62876060e-03 7.01591400e-04 2.16254600e-03
 4.16047870e-03 1.52055920e-03 1.19403000e-03 4.52058000e-03
 1.39123200e-03 1.52319670e-04 1.49144230e-03 2.70915030e-03
 3.53738670e-03 1.95264820e-03 9.45210460e-04 8.77961500e-04
 8.23631900e-04 2.92778020e-04 7.57902860e-04 2.17944380e-04
 6.17791700e-03 1.39911470e-03 2.23198530e-03 1.11263990e-03
 2.66379120e-03 1.54227020e-05 4.36857340e-04 5.17368300e-04
 1.00275870e-03 2.73677700e-03 2.43999060e-03 7.85827640e-04
 1.63656470e-03 3.13337150e-03 5.06952400e-04 7.86185260e-04
 8.24704770e-04 6.93634150e-04 1.08867884e-04 2.23916770e-03
 4.96402400e-04 1.29394230e-03 2.59849430e-03 2.83330680e-03
 6.00308200e-04 1.01865830e-03 5.44637440e-05 2.98286970e-03
 2.83725560e-03 6.08950850e-04 7.41347670e-04 1.41680240e-03
 1.65775420e-04 4.72053900e-04 1.47476790e-03 8.39501600e-04
 1.21384860e-04 1.63117050e-03 2.43416430e-03 2.22584600e-03
 5.06103040e-04 4.40903000e-03 3.84137030e-04 1.00854040e-03
 1.31268800e-03 1.97957460e-03 1.27577780e-03 1.09288100e-03
 7.68601900e-05 4.78357080e-04 2.46287880e-03 3.26102970e-03
 1.46198270e-03 7.48842950e-04 2.06951800e-03 1.65323910e-03
 6.14777200e-04 4.83050940e-04 8.79466500e-05 2.62713430e-03
 5.92008230e-04 2.01961400e-03 1.55046580e-03 7.96124340e-04
 1.13780800e-03 1.17337700e-03 3.53410840e-04 5.07846500e-04
 2.47403980e-04 1.70011820e-03 8.05705800e-05 1.56316160e-03
 4.33027740e-04 1.15898250e-03 3.16894050e-03 2.54285340e-03
 1.03592870e-03 3.80963100e-04 6.11275430e-04 1.96322800e-04
 1.80403890e-03 1.14630160e-03 3.09237840e-03 3.16347180e-03
 3.24308870e-04 4.59834930e-04 1.92070010e-03 1.80865820e-03
 1.78517400e-03 2.67446040e-03 2.28697060e-03 3.94552950e-04
 2.16016170e-03 6.68197870e-04 1.11760200e-03 3.96238270e-03
 1.43928830e-03 2.63378020e-04 1.80780890e-04 2.20939520e-04
 7.07685950e-04 8.95023350e-04 1.02843340e-03 9.63747500e-04
 1.94770100e-03 1.78004800e-03 2.70552930e-03 1.02061030e-03
 1.41617660e-03 5.47143800e-03 4.06101350e-04 3.54163350e-03
 2.10914020e-03 2.07427140e-03 2.20203400e-03 8.89837740e-04
 2.86521020e-03 4.14744020e-04 3.02708150e-03 1.17802620e-03
 2.56016850e-03 9.44852800e-04 7.07328300e-04 2.74004040e-03
 3.37558980e-03 3.05633250e-03 2.18498700e-03 6.96659100e-04
 8.09937700e-04 8.78691700e-04 4.58210700e-04 6.82309270e-04
 6.49631000e-04 8.69855300e-04 6.25997800e-04 3.32885980e-03
 8.99314900e-04 4.60699200e-04 8.35508100e-04 7.29799270e-04
 2.41960590e-03 3.15037370e-03 3.34094460e-03 4.09397500e-03
 7.99104600e-04 5.47200440e-04 3.02983820e-03 2.39655380e-04
 1.33170190e-03 3.29229240e-03 4.85062600e-04 5.95018270e-04
 3.52337960e-04 3.57471400e-03 5.26547430e-04 1.67807940e-03
 1.58150490e-03 2.93694440e-03 1.73190240e-03 4.82706730e-03
 3.26171520e-04 5.20855200e-04 1.92403800e-04 2.76088710e-04
 1.83802840e-03 2.56970520e-04 4.96462000e-04 5.16191100e-04
 1.96009870e-03 6.24133650e-03 4.30300830e-04 7.87019730e-04
 8.75189900e-04 5.15982500e-04 2.22402800e-03 2.23773720e-03
 1.85275080e-03 1.75161660e-03 1.24873220e-03 3.96910300e-03
 8.70525840e-05 3.32690780e-03 1.81689860e-04 6.56724000e-04
 2.99960370e-04 1.62822010e-03 1.27659740e-03 3.72886660e-04
 8.52450700e-04 3.80770860e-03 1.42349300e-03 2.66656280e-04
 1.22882430e-03 8.48382700e-04 6.92695400e-04 1.95980070e-04
 5.75333830e-04 1.03160740e-04 5.03227100e-04 1.96364520e-03
 3.68681550e-03 2.19425560e-03 1.15616620e-03 2.83811990e-03
 3.36855650e-04 1.23345850e-03 4.76047400e-04 9.43928960e-04
 1.37989220e-03 1.45201390e-03 1.20735170e-03 2.71105770e-03
 2.88701060e-03 6.77153470e-04 2.22447510e-03 2.39264970e-03
 4.92915500e-04 2.02728800e-03 2.49370930e-04 7.83652100e-05
 4.13849950e-04 2.28093560e-03 1.22226770e-03 3.95874700e-03
 6.94960360e-04 1.23718380e-03 1.02442500e-03 2.54735350e-04
 1.08529630e-03 1.07984240e-03 3.62089280e-03 1.04963780e-04
 1.93560120e-03 1.49817760e-03 1.81905930e-03 2.94516980e-03
 1.23299660e-03 5.31941650e-04 1.74272060e-03 1.15185980e-05
 2.01654430e-03 9.81062700e-04 3.95327800e-04 5.59151200e-04
 3.54349610e-03 4.20773030e-03 2.60929760e-03 1.64273380e-03
 2.20978260e-03 1.11782550e-03 1.54095890e-03 1.03935600e-04
 4.39092520e-04 3.58760360e-04 6.81862240e-04 1.80497770e-03
 3.24204560e-04 1.07336040e-03 2.12863090e-04 1.80512670e-03
 1.24146040e-03 2.74091960e-04 4.65482470e-04 3.68490820e-04
 3.05502120e-03 9.35465100e-04 1.64073700e-03 1.32530930e-03
 2.51929460e-03 1.92700330e-03 3.05965540e-04 1.01101400e-03
 5.45650700e-04 4.61354850e-04 2.13737790e-03 5.68121700e-04
 1.53544550e-03 8.52033500e-04 1.12922490e-03 2.08498540e-03
 2.92974700e-03 9.22128560e-04 4.09185900e-03 1.09900530e-03
 1.40827900e-03 1.37639050e-03 2.39378210e-03 4.68343500e-05
 8.49172500e-04 1.96950140e-03 8.92400740e-04 4.05773520e-04
 3.14801930e-04 1.89441440e-03 9.14096830e-04 2.13730340e-03
 1.61319970e-03 2.80955430e-03 1.70654060e-03 1.26349930e-03
 3.95849350e-04 7.14153050e-04 4.69520700e-04 4.74333760e-04
 3.73020770e-04 1.44194070e-03 3.37132800e-03 6.76810740e-04
 2.19954550e-03 3.48009170e-03 2.51643360e-03 1.46050750e-03
 4.85914950e-03 4.65437770e-04 7.06382100e-03 2.58287790e-03
 3.91788800e-03 4.53598800e-03 1.87575820e-04]",634
10,num_outbound_cmds,1,[0.],1,[0.],0
11,is_host_login,1,[0.],1,[0.],0
12,is_guest_login,1,[0.],7319,[0.01811993 0.01797312 0.01806288 ... 0.01785344 0.01825047 0.0178932 ],7319
13,count,447,"[0.00195695 0.06457926 0.25244618 0.99804305 0.02739726 0.0665362
 0.13502935 0.46966732 0.47358121 0.19373777 0.09589041 0.42270059
 0.23287671 0.10958904 0.43052838 0.91193738 0.25636008 0.21722114
 0.12524462 0.21330724 0.99608611 1.         0.22113503 0.31898239
 0.00978474 0.20547945 0.17612524 0.54403131 0.21526419 0.49706458
 0.31702544 0.52641879 0.27005871 0.47162427 0.45009785 0.53228963
 0.45596869 0.1037182  0.00587084 0.19765166 0.02152642 0.54990215
 0.2407045  0.48336595 0.25440313 0.10763209 0.27984344 0.44618395
 0.29549902 0.51663405 0.26418787 0.28767123 0.00391389 0.43835616
 0.25831703 0.32485323 0.28180039 0.57142857 0.00782779 0.2074364
 0.23874755 0.52837573 0.48923679 0.10567515 0.13111546 0.45205479
 0.55968689 0.01369863 0.04109589 0.2778865  0.20156556 0.33463796
 0.47553816 0.30528376 0.23483366 0.5146771  0.05283757 0.32093933
 0.50880626 0.4109589  0.38943249 0.33659491 0.47749511 0.11154599
 0.1409002  0.06262231 0.05479452 0.39334638 0.4148728  0.12328767
 0.05675147 0.4481409  0.05870841 0.46183953 0.85322896 0.4853229
 0.44227006 0.1369863  0.6555773  0.54207436 0.02544031 0.11350294
 0.25048924 0.59295499 0.2446184  0.26614481 0.03913894 0.47945205
 0.41682975 0.34833659 0.481409   0.19960861 0.08219178 0.09001957
 0.01761252 0.24266145 0.04305284 0.32876712 0.04500978 0.04696673
 0.42074364 0.48727984 0.46575342 0.39921722 0.86497065 0.26810176
 0.42661448 0.0332681  0.22309198 0.39726027 0.43639922 0.15655577
 0.3816047  0.06066536 0.55577299 0.40704501 0.28962818 0.56947162
 0.27201566 0.01565558 0.34246575 0.43444227 0.67318982 0.53816047
 0.12720157 0.18003914 0.58121331 0.37964775 0.21917808 0.40313112
 0.19569472 0.01956947 0.02348337 0.36790607 0.52250489 0.88649706
 0.02935421 0.50293542 0.50489237 0.18982387 0.28571429 0.55381605
 0.08023483 0.26223092 0.57925636 0.35420744 0.30332681 0.15851272
 0.42465753 0.5851272  0.42857143 0.07632094 0.71037182 0.11545988
 0.5518591  0.40117417 0.22896282 0.35029354 0.39138943 0.22700587
 0.5890411  0.2035225  0.0704501  0.54011742 0.22504892 0.21135029
 0.29941292 0.44422701 0.46379648 0.09393346 0.88454012 0.35812133
 0.36203523 0.28375734 0.56751468 0.33268102 0.05088063 0.07827789
 0.26027397 0.74363992 0.8962818  0.54794521 0.13894325 0.23091977
 0.44031311 0.56555773 0.99412916 0.53424658 0.07436399 0.53033268
 0.37573386 0.29745597 0.14677104 0.09784736 0.27592955 0.16634051
 0.45792564 0.06849315 0.20939335 0.07240705 0.3776908  0.75733855
 0.16242661 0.45401174 0.52054795 0.11741683 0.41878669 0.36986301
 0.14872798 0.29354207 0.45988258 0.49902153 0.04892368 0.50684932
 0.24657534 0.14481409 0.60273973 0.56164384 0.32289628 0.12915851
 0.52446184 0.37377691 0.89236791 0.70254403 0.01174168 0.80626223
 0.30136986 0.46771037 0.15068493 0.51272016 0.08414873 0.23679061
 0.11937378 0.36399217 0.09980431 0.41291585 0.69471624 0.49510763
 0.18590998 0.58317025 0.58708415 0.18786693 0.10176125 0.7964775
 0.37181996 0.2739726  0.83953033 0.49315068 0.18395303 0.85518591
 0.518591   0.1741683  0.31506849 0.17808219 0.43248532 0.51076321
 0.57338552 0.95694716 0.61643836 0.15264188 0.83561644 0.50097847
 0.49119374 0.33855186 0.38356164 0.7925636  0.39530333 0.40508806
 0.32681018 0.35616438 0.19178082 0.38747554 0.70450098 0.53620352
 0.30919765 0.12133072 0.85714286 0.03522505 0.90019569 0.3111546
 0.63796477 0.24853229 0.56360078 0.35225049 0.7553816  0.6223092
 0.74951076 0.29158513 0.40900196 0.86692759 0.31311155 0.15459883
 0.3072407  0.94911937 0.97651663 0.17221135 0.61252446 0.86105675
 0.98434442 0.61056751 0.54598826 0.78277886 0.63013699 0.13307241
 0.81409002 0.36007828 0.93150685 0.57729941 0.9667319  0.08610568
 0.57534247 0.60078278 0.71428571 0.16046967 0.98630137 0.94324853
 0.73189824 0.1702544  0.9334638  0.03131115 0.08806262 0.68493151
 0.36594912 0.64383562 0.55772994 0.91976517 0.8297456  0.16438356
 0.7260274  0.38551859 0.037182   0.64774951 0.87475538 0.83757339
 0.60665362 0.7592955  0.3444227  0.71819961 0.84931507 0.34637965
 0.14285714 0.92563601 0.77299413 0.71624266 0.09197652 0.88258317
 0.73972603 0.90215264 0.8630137  0.18199609 0.93737769 0.84148728
 0.64970646 0.84344423 0.78864971 0.62818004 0.95303327 0.63405088
 0.80821918 0.72407045 0.60861057 0.76516634 0.62035225 0.92367906
 0.91780822 0.78082192 0.81800391 0.33072407 0.97064579 0.74559687
 0.65753425 0.67906067 0.6927593  0.88062622 0.76712329 0.16829746
 0.62622309 0.83365949 0.99021526 0.73385519 0.9295499  0.64187867
 0.87279843 0.34050881 0.65166341 0.6888454  0.63992172 0.77495108
 0.72015656 0.65362035 0.96868885 0.87866928 0.69667319 0.74168297
 0.90410959 0.99217221 0.69080235 0.962818   0.98825832 0.90802348
 0.67123288 0.81996086 0.83170254 0.75342466 0.66144814 0.73581213
 0.59099804 0.98238748 0.70058708 0.87671233 0.76908023 0.70841487
 0.82387476 0.96086106 0.68101761 0.93933464 0.80039139 0.68688845
 0.89823875 0.60469667 0.86888454 0.90606654 0.89041096 0.77103718
 0.66536204 0.95499022 0.59491194]",7308,[0.04119499 0.0409607  0.04110394 ... 0.04076971 0.04140333 0.04083316],7308
14,dst_host_count,154,"[1.         0.44705882 0.17647059 0.61960784 0.25882353 0.7372549
 0.81176471 0.79215686 0.56862745 0.34901961 0.68627451 0.34509804
 0.32156863 0.96078431 0.77647059 0.64705882 0.00392157 0.68235294
 0.80392157 0.93333333 0.14901961 0.91372549 0.87843137 0.96862745
 0.42352941 0.25490196 0.00784314 0.44313725 0.12156863 0.5372549
 0.07058824 0.94509804 0.69411765 0.65882353 0.78431373 0.08235294
 0.91764706 0.37254902 0.98823529 0.18039216 0.1372549  0.54117647
 0.92941176 0.65490196 0.48627451 0.01176471 0.05490196 0.63529412
 0.77254902 0.22745098 0.26666667 0.9254902  0.23921569 0.95686275
 0.29803922 0.29019608 0.03137255 0.31764706 0.88235294 0.71372549
 0.61568627 0.90196078 0.83921569 0.69803922 0.09019608 0.9372549
 0.86666667 0.70196078 0.97254902 0.92156863 0.60392157 0.13333333
 0.4627451  0.38431373 0.02745098 0.85098039 0.10196078 0.16470588
 0.81568627 0.73333333 0.56078431 0.43529412 0.04705882 0.32941176
 0.4        0.63137255 0.25098039 0.99215686 0.75686275 0.09803922
 0.50980392 0.35294118 0.29411765 0.8627451  0.39607843 0.76470588
 0.10980392 0.7254902  0.33333333 0.72156863 0.35686275 0.89803922
 0.49019608 0.27843137 0.17254902 0.99607843 0.30588235 0.8745098
 0.2        0.4745098  0.98431373 0.5254902  0.89411765 0.18823529
 0.97647059 0.23137255 0.94117647 0.01568627 0.94901961 0.90980392
 0.51372549 0.76078431 0.40784314 0.50196078 0.36078431 0.56470588
 0.96470588 0.8        0.09411765 0.85490196 0.58039216 0.45098039
 0.57647059 0.87058824 0.60784314 0.01960784 0.82352941 0.88627451
 0.64313725 0.21176471 0.36862745 0.41176471 0.95294118 0.69019608
 0.34117647 0.22352941 0.53333333 0.52941176 0.11372549 0.45882353
 0.90588235 0.98039216 0.2745098  0.15686275]",1,[0.],1
15,dst_host_srv_count,255,"[0.89411765 1.         0.07058824 0.08235294 0.24705882 0.59215686
 0.25098039 0.99215686 0.03921569 0.06666667 0.99607843 0.04313725
 0.03529412 0.03137255 0.04705882 0.02745098 0.45490196 0.60784314
 0.10980392 0.90196078 0.02352941 0.01176471 0.05882353 0.01960784
 0.69803922 0.05098039 0.20392157 0.94901961 0.92941176 0.0627451
 0.4627451  0.0745098  0.25490196 0.07843137 0.96078431 0.00392157
 0.98431373 0.23529412 0.63921569 0.01568627 0.26666667 0.95686275
 0.32941176 0.45882353 0.79215686 0.28627451 0.81176471 0.85098039
 0.05490196 0.31764706 0.21176471 0.37647059 0.23137255 0.67843137
 0.48235294 0.35686275 0.43529412 0.42745098 0.90588235 0.21960784
 0.00784314 0.56078431 0.23921569 0.54901961 0.91764706 0.76470588
 0.70980392 0.95294118 0.4        0.39607843 0.11372549 0.89803922
 0.76862745 0.42352941 0.22352941 0.24313725 0.47058824 0.60392157
 0.57254902 0.65098039 0.1254902  0.34509804 0.36862745 0.78823529
 0.88627451 0.55294118 0.84705882 0.41568627 0.49803922 0.15294118
 0.55686275 0.92156863 0.97254902 0.73333333 0.71764706 0.83137255
 0.59607843 0.27843137 0.49019608 0.91372549 0.62745098 0.96470588
 0.41176471 0.12941176 0.29019608 0.94509804 0.87058824 0.43921569
 0.43137255 0.52156863 0.88235294 0.48627451 0.33333333 0.64705882
 0.2627451  0.70196078 0.9372549  0.5372549  0.36470588 0.29411765
 0.19607843 0.83529412 0.97647059 0.50980392 0.17647059 0.96862745
 0.6627451  0.52941176 0.22745098 0.98823529 0.14509804 0.1372549
 0.64313725 0.11764706 0.10196078 0.78039216 0.34901961 0.19215686
 0.93333333 0.53333333 0.85882353 0.78431373 0.8        0.80784314
 0.50196078 0.50588235 0.12156863 0.16470588 0.29803922 0.65882353
 0.66666667 0.68235294 0.54117647 0.41960784 0.7372549  0.74901961
 0.82745098 0.31372549 0.71372549 0.90980392 0.16862745 0.68627451
 0.08627451 0.94117647 0.2745098  0.76078431 0.98039216 0.85490196
 0.3254902  0.6        0.44705882 0.25882353 0.58823529 0.45098039
 0.74117647 0.09803922 0.39215686 0.63137255 0.9254902  0.81568627
 0.62352941 0.51764706 0.7254902  0.87843137 0.84313725 0.69411765
 0.35294118 0.81960784 0.63529412 0.8627451  0.56470588 0.2
 0.72941176 0.34117647 0.27058824 0.38823529 0.37254902 0.36078431
 0.18431373 0.5254902  0.89019608 0.77254902 0.17254902 0.32156863
 0.21568627 0.86666667 0.49411765 0.30196078 0.30980392 0.18823529
 0.40784314 0.70588235 0.38431373 0.61568627 0.09019608 0.57647059
 0.16078431 0.20784314 0.58431373 0.83921569 0.61176471 0.3372549
 0.40392157 0.75294118 0.13333333 0.14117647 0.69019608 0.54509804
 0.4745098  0.6745098  0.80392157 0.15686275 0.56862745 0.79607843
 0.8745098  0.61960784 0.28235294 0.44313725 0.38039216 0.58039216
 0.47843137 0.72156863 0.09411765 0.10588235 0.30588235 0.51372549
 0.82352941 0.14901961 0.18039216 0.75686275 0.46666667 0.74509804
 0.67058824 0.65490196 0.77647059]",1,[0.],1
16,dst_host_same_srv_rate,101,"[0.89 1.   0.07 0.08 0.25 0.59 0.99 0.04 0.03 0.05 0.61 0.62 0.9  0.02
 0.01 0.06 0.7  0.2  0.95 0.93 0.46 0.98 0.96 0.   0.24 0.64 0.27 0.41
 0.29 0.81 0.85 0.56 0.21 0.38 0.23 0.68 0.48 0.63 0.43 0.91 0.22 0.55
 0.79 0.92 0.76 0.74 0.4  0.77 0.42 0.47 0.6  0.57 0.65 0.13 0.35 0.37
 0.69 0.5  0.15 0.97 0.72 0.83 0.28 0.49 0.87 0.44 0.52 0.88 0.33 0.94
 0.54 0.36 0.84 0.51 0.18 0.66 0.53 0.14 0.1  0.78 0.19 0.31 0.26 0.86
 0.45 0.11 0.12 0.16 0.3  0.67 0.75 0.71 0.17 0.09 0.32 0.39 0.82 0.73
 0.8  0.34 0.58]",1,[0.],0
17,dst_host_diff_srv_rate,93,"[0.02 0.   0.07 0.03 0.01 0.08 0.06 0.09 0.05 0.04 0.1  0.15 0.13 0.14
 0.19 0.12 0.73 0.11 0.55 0.4  0.69 0.22 0.39 0.84 0.58 0.21 0.83 0.91
 0.37 0.46 0.52 0.44 0.66 1.   0.17 0.68 0.16 0.76 0.28 0.33 0.45 0.43
 0.78 0.77 0.18 0.74 0.8  0.41 0.47 0.6  0.42 0.9  0.89 0.26 0.71 0.29
 0.49 0.86 0.64 0.3  0.53 0.75 0.25 0.56 0.61 0.24 0.35 0.67 0.65 0.62
 0.57 0.72 0.7  0.38 0.34 0.51 0.27 0.85 0.81 0.82 0.36 0.31 0.87 0.59
 0.96 0.23 0.63 0.32 0.48 0.2  0.5  0.79 0.93]",7326,[0.03935422 0.03996119 0.03959009 ... 0.040456   0.03881447 0.04029163],7326
18,dst_host_same_src_port_rate,78,"[0.   0.09 0.01 1.   0.62 0.98 0.02 0.41 0.24 0.79 0.13 0.16 0.99 0.83
 0.03 0.05 0.95 0.5  0.14 0.97 0.1  0.06 0.31 0.96 0.54 0.42 0.29 0.48
 0.6  0.9  0.75 0.07 0.38 0.91 0.67 0.12 0.89 0.36 0.77 0.26 0.72 0.92
 0.51 0.93 0.49 0.4  0.04 0.94 0.43 0.33 0.34 0.88 0.61 0.58 0.69 0.73
 0.87 0.32 0.59 0.64 0.18 0.22 0.52 0.86 0.11 0.25 0.82 0.47 0.2  0.55
 0.56 0.27 0.8  0.7  0.71 0.44 0.23 0.76]",7120,[0.13432223 0.13395756 0.13418052 ... 0.13366029 0.13464649 0.13375904],7120
19,dst_host_srv_diff_host_rate,18,"[0.   0.02 0.52 0.03 0.56 0.57 0.51 0.14 0.53 1.   0.54 0.01 0.36 0.22
 0.67 0.6  0.55 0.17]",1,[0.],0
20,dst_host_serror_rate,97,"[0.33 0.04 0.   0.98 0.31 0.01 0.6  0.02 1.   0.57 0.64 0.55 0.44 0.78
 0.77 0.18 0.34 0.83 0.99 0.16 0.5  0.62 0.28 0.14 0.61 0.05 0.15 0.47
 0.87 0.58 0.25 0.09 0.27 0.45 0.12 0.7  0.1  0.56 0.3  0.81 0.13 0.79
 0.35 0.17 0.46 0.65 0.82 0.89 0.29 0.2  0.53 0.49 0.73 0.38 0.11 0.97
 0.24 0.37 0.95 0.51 0.32 0.23 0.07 0.06 0.86 0.63 0.03 0.08 0.71 0.19
 0.75 0.43 0.4  0.39 0.52 0.76 0.59 0.21 0.22 0.91 0.48 0.41 0.8  0.54
 0.85 0.69 0.26 0.68 0.84 0.67 0.42 0.66 0.96 0.36 0.74 0.88 0.72]",1,[0.],0
21,dst_host_srv_serror_rate,99,"[0.37 0.04 0.   1.   0.52 0.97 0.01 0.6  0.02 0.57 0.64 0.43 0.35 0.56
 0.78 0.83 0.19 0.34 0.61 0.59 0.89 0.74 0.14 0.05 0.45 0.92 0.25 0.09
 0.28 0.67 0.8  0.5  0.36 0.55 0.65 0.95 0.91 0.11 0.3  0.84 0.17 0.81
 0.51 0.72 0.46 0.63 0.82 0.94 0.39 0.4  0.18 0.48 0.29 0.69 0.98 0.76
 0.33 0.03 0.1  0.42 0.49 0.38 0.62 0.07 0.23 0.13 0.06 0.44 0.58 0.47
 0.15 0.41 0.2  0.75 0.73 0.77 0.21 0.26 0.71 0.27 0.9  0.32 0.08 0.31
 0.16 0.22 0.79 0.53 0.66 0.68 0.54 0.12 0.7  0.24 0.96 0.93 0.85 0.88
 0.87]",7312,[0.01034261 0.01134497 0.01073214 ... 0.01216212 0.00945127 0.01189066],7312
22,dst_host_rerror_rate,101,"[0.11 0.68 1.   0.   0.33 0.36 0.73 0.21 0.4  0.31 0.01 0.02 0.04 0.07
 0.18 0.69 0.52 0.23 0.56 0.35 0.65 0.49 0.54 0.7  0.05 0.15 0.38 0.26
 0.03 0.93 0.99 0.06 0.27 0.85 0.29 0.13 0.6  0.63 0.44 0.09 0.22 0.64
 0.37 0.48 0.41 0.58 0.19 0.95 0.98 0.55 0.32 0.72 0.67 0.42 0.2  0.1
 0.12 0.71 0.16 0.81 0.79 0.47 0.45 0.61 0.39 0.51 0.96 0.76 0.46 0.28
 0.94 0.17 0.14 0.97 0.3  0.75 0.83 0.91 0.88 0.9  0.82 0.34 0.87 0.43
 0.08 0.8  0.24 0.53 0.86 0.25 0.5  0.57 0.78 0.59 0.66 0.62 0.89 0.77
 0.84 0.92 0.74]",6955,[0.04711125 0.04717165 0.04713472 ... 0.04722089 0.04705753 0.04720453],6955
23,dst_host_srv_rerror_rate,91,"[0.06 0.68 1.   0.   0.09 0.34 0.36 0.73 0.21 0.4  0.32 0.33 0.01 0.02
 0.04 0.03 0.19 0.44 0.18 0.17 0.59 0.65 0.49 0.11 0.05 0.26 0.95 0.7
 0.41 0.15 0.69 0.27 0.07 0.29 0.57 0.6  0.64 0.54 0.39 0.13 0.48 0.43
 0.22 0.58 0.37 0.89 0.55 0.12 0.08 0.1  0.38 0.61 0.63 0.5  0.67 0.97
 0.9  0.23 0.51 0.28 0.75 0.94 0.2  0.31 0.3  0.71 0.46 0.8  0.24 0.42
 0.25 0.35 0.16 0.53 0.62 0.91 0.56 0.66 0.14 0.45 0.83 0.82 0.52 0.72
 0.47 0.88 0.93 0.74 0.96 0.92 0.98]",1,[0.],0
