,Nonfunctional_Feature,Origin-Num_Cat,Origin-Cat,E0-Num_Ad_Cat,E0-Ad_Cat,E0-Num_NotIn_Origin
0,srv_count,12,"[0.00195695 0.00782779 0.01174168 0.00587084 0.00391389 0.73189824
 0.00978474 0.037182   0.0332681  0.0704501  0.01956947 0.12915851]",2813,[0.14857054 0.14500058 0.13500905 ... 0.14378265 0.13314159 0.13913321],2813
1,serror_rate,3,[0.  1.  0.5],1,[0.],0
2,srv_serror_rate,3,[0.  1.  0.5],1,[0.],0
3,rerror_rate,5,[0.   1.   0.5  0.67 0.33],129,"[0.00000000e+00 2.25587200e-03 3.03149220e-04 1.46900860e-03
 2.69340720e-03 3.65607440e-04 1.06453150e-03 1.95302070e-04
 1.81151180e-03 1.18862840e-03 6.38626500e-04 1.89072860e-02
 9.66809700e-03 4.59313400e-04 2.47921050e-03 9.51372100e-04
 1.57668440e-03 3.58939170e-04 3.31920390e-03 4.40351670e-04
 2.23186910e-02 9.14648200e-04 1.45395170e-02 9.80012100e-04
 9.88185400e-04 1.20490790e-04 6.31940360e-03 3.78358360e-03
 6.28729160e-03 1.23379305e-02 3.86245550e-04 4.19020650e-03
 5.50390030e-03 2.00746200e-03 1.62591790e-03 2.98991800e-05
 1.47947670e-03 1.29112600e-03 2.32999030e-03 2.34799830e-03
 6.42195340e-04 2.83686070e-03 2.01934580e-03 1.89900400e-03
 1.02752450e-03 5.80348100e-04 7.89116300e-03 4.33625300e-03
 1.70756130e-03 1.22257320e-03 8.83407900e-04 1.41100590e-03
 7.18660650e-04 2.15172770e-05 5.28655950e-04 2.09733840e-03
 1.35144070e-02 4.44769860e-03 2.62541320e-03 1.53435020e-03
 1.36564670e-03 2.16662880e-04 1.09584630e-03 8.46050700e-04
 3.28484920e-03 2.00911600e-03 1.36973710e-03 6.18211900e-04
 2.71543120e-03 2.85876540e-03 2.17340890e-03 4.05083600e-03
 2.60174270e-04 4.34586400e-03 2.22727660e-04 1.15451370e-02
 8.58828400e-05 1.11617150e-04 1.77517530e-03 6.34081660e-04
 1.39404830e-03 5.44317070e-04 1.48474430e-03 6.07786330e-03
 3.43036650e-03 7.96769600e-03 1.92974510e-03 2.72663680e-03
 2.19246750e-03 3.14051660e-03 8.29362900e-03 1.65943060e-03
 5.30913470e-03 3.73218950e-03 2.25961950e-03 1.95648520e-03
 7.32384600e-04 1.92761420e-04 1.19013340e-02 4.79877000e-03
 2.75608900e-03 7.14920460e-04 1.66854260e-03 2.83515450e-03
 6.79485500e-04 9.83618200e-04 1.78292400e-04 9.76510350e-04
 1.93438680e-03 3.91123440e-03 1.34267660e-03 2.47048590e-03
 1.42224880e-03 2.63390700e-03 1.28744540e-03 1.89881770e-03
 3.68165970e-03 3.10207900e-03 3.75741720e-03 2.97552350e-03
 1.29802530e-03 6.10604900e-04 1.85240060e-03 7.46987760e-04
 1.76960230e-03 5.28438400e-03 4.50123100e-03 7.72997740e-04
 2.96461580e-03]",128
4,srv_rerror_rate,4,[0.   1.   0.5  0.33],1,[0.],0
5,same_srv_rate,8,[1.   0.5  0.75 0.33 0.67 0.8  0.25 0.12],2814,[0.49144816 0.4857576  0.46012825 ... 0.48257697 0.45945644 0.45384502],2814
6,diff_srv_rate,6,[0.   1.   0.5  0.67 0.4  0.25],2815,[0.14253713 0.13757138 0.11849485 ... 0.13572492 0.11793511 0.10979201],2815
7,srv_diff_host_rate,4,[0.   0.67 1.   0.5 ],1,[0.],0
8,dst_host_count,254,"[0.12156863 1.         0.12941176 0.01176471 0.04313725 0.36862745
 0.59215686 0.33333333 0.00392157 0.80784314 0.01568627 0.00784314
 0.10588235 0.02352941 0.27058824 0.36470588 0.61568627 0.83921569
 0.03529412 0.34117647 0.09019608 0.67843137 0.21176471 0.60392157
 0.03137255 0.34901961 0.05490196 0.56078431 0.75686275 0.59607843
 0.73333333 0.23921569 0.41960784 0.81960784 0.01960784 0.08627451
 0.35294118 0.43529412 0.11764706 0.58039216 0.60784314 0.05882353
 0.13333333 0.02745098 0.20392157 0.78039216 0.61960784 0.23137255
 0.98431373 0.45490196 0.63137255 0.97647059 0.03921569 0.82745098
 0.64313725 0.94509804 0.44705882 0.16078431 0.30980392 0.90980392
 0.57254902 0.74901961 0.14901961 0.05098039 0.19215686 0.45882353
 0.39607843 0.38039216 0.43137255 0.65490196 0.94901961 0.56470588
 0.4745098  0.92156863 0.29019608 0.16470588 0.83529412 0.11372549
 0.99215686 0.65882353 0.0745098  0.62745098 0.54901961 0.69803922
 0.08235294 0.22352941 0.25098039 0.17254902 0.45098039 0.29803922
 0.3372549  0.6745098  0.69019608 0.78431373 0.53333333 0.68627451
 0.81568627 0.10980392 0.91372549 0.09411765 0.79215686 0.8745098
 0.91764706 0.87058824 0.18039216 0.71764706 0.9254902  0.63921569
 0.67058824 0.06666667 0.80392157 0.94117647 0.18823529 0.70588235
 0.38431373 0.48235294 0.84313725 0.99607843 0.81176471 0.88627451
 0.16862745 0.35686275 0.49803922 0.44313725 0.21960784 0.54117647
 0.97254902 0.85882353 0.23529412 0.6627451  0.20784314 0.07058824
 0.50980392 0.77254902 0.57647059 0.04705882 0.93333333 0.07843137
 0.90196078 0.75294118 0.95686275 0.89019608 0.15294118 0.70196078
 0.14117647 0.0627451  0.47058824 0.89803922 0.37647059 0.74509804
 0.85490196 0.42745098 0.71372549 0.63529412 0.7372549  0.96862745
 0.77647059 0.92941176 0.1372549  0.95294118 0.85098039 0.8627451
 0.76862745 0.96078431 0.3254902  0.2        0.40392157 0.50196078
 0.24313725 0.09803922 0.14509804 0.15686275 0.87843137 0.61176471
 0.51764706 0.47843137 0.4        0.25490196 0.28627451 0.62352941
 0.52941176 0.50588235 0.27843137 0.49019608 0.82352941 0.30588235
 0.1254902  0.18431373 0.51372549 0.48627451 0.66666667 0.55294118
 0.17647059 0.42352941 0.10196078 0.43921569 0.58823529 0.58431373
 0.88235294 0.36078431 0.49411765 0.84705882 0.52156863 0.22745098
 0.34509804 0.38823529 0.19607843 0.39215686 0.72156863 0.9372549
 0.2745098  0.76078431 0.30196078 0.21568627 0.6        0.25882353
 0.7254902  0.40784314 0.26666667 0.98823529 0.5372549  0.79607843
 0.41568627 0.8        0.29411765 0.2627451  0.83137255 0.31764706
 0.64705882 0.54509804 0.70980392 0.4627451  0.76470588 0.96470588
 0.72941176 0.74117647 0.98039216 0.37254902 0.32941176 0.68235294
 0.55686275 0.86666667 0.28235294 0.56862745 0.90588235 0.78823529
 0.31372549 0.32156863 0.69411765 0.24705882 0.65098039 0.89411765
 0.41176471 0.46666667]",2814,[0.5526328  0.54489845 0.5157804  ... 0.5404621  0.51229995 0.51143765],2814
9,dst_host_srv_count,255,"[0.09803922 0.41960784 0.90588235 0.99607843 0.05490196 0.85882353
 0.01176471 1.         0.14509804 0.96470588 0.88627451 0.99215686
 0.14901961 0.98431373 0.87843137 0.58823529 0.21568627 0.03529412
 0.91764706 0.98823529 0.08627451 0.18431373 0.05882353 0.96078431
 0.00784314 0.01960784 0.07843137 0.03137255 0.07058824 0.02352941
 0.05098039 0.09411765 0.19607843 0.54509804 0.45882353 0.76470588
 0.89019608 0.95294118 0.00392157 0.14117647 0.74117647 0.20784314
 0.60784314 0.0745098  0.87058824 0.53333333 0.5254902  0.02745098
 0.40784314 0.91372549 0.13333333 0.98039216 0.9254902  0.29411765
 0.20392157 0.21176471 0.34901961 0.82352941 0.55686275 0.75686275
 0.27058824 0.23921569 0.1254902  0.36078431 0.39607843 0.85098039
 0.84705882 0.83137255 0.30196078 0.16862745 0.43137255 0.5372549
 0.04313725 0.03921569 0.94117647 0.15686275 0.55294118 0.95686275
 0.29803922 0.96862745 0.09019608 0.10196078 0.64705882 0.2627451
 0.29019608 0.58039216 0.92941176 0.97647059 0.12156863 0.90980392
 0.94901961 0.56078431 0.97254902 0.43529412 0.60392157 0.10588235
 0.75294118 0.42352941 0.37254902 0.57254902 0.80784314 0.43921569
 0.32941176 0.38823529 0.16078431 0.30980392 0.16470588 0.83529412
 0.04705882 0.77647059 0.90196078 0.24313725 0.71764706 0.22745098
 0.18823529 0.49411765 0.26666667 0.0627451  0.80392157 0.11764706
 0.81568627 0.58431373 0.33333333 0.2        0.49803922 0.78823529
 0.54901961 0.89411765 0.83921569 0.35294118 0.37647059 0.76078431
 0.52941176 0.85490196 0.86666667 0.08235294 0.01568627 0.62352941
 0.8745098  0.48235294 0.23137255 0.15294118 0.40392157 0.9372549
 0.56470588 0.17254902 0.61960784 0.70980392 0.25098039 0.61568627
 0.7254902  0.06666667 0.3254902  0.38431373 0.64313725 0.31372549
 0.84313725 0.6745098  0.62745098 0.36470588 0.61176471 0.56862745
 0.22352941 0.10980392 0.31764706 0.72941176 0.82745098 0.63137255
 0.76862745 0.92156863 0.89803922 0.81176471 0.78431373 0.30588235
 0.23529412 0.39215686 0.48627451 0.93333333 0.42745098 0.49019608
 0.59215686 0.19215686 0.21960784 0.1372549  0.45098039 0.12941176
 0.69803922 0.50980392 0.45490196 0.68235294 0.8        0.35686275
 0.63529412 0.34117647 0.41176471 0.11372549 0.38039216 0.4745098
 0.67843137 0.46666667 0.94509804 0.17647059 0.88235294 0.8627451
 0.52156863 0.28627451 0.51764706 0.50588235 0.28235294 0.25490196
 0.65490196 0.34509804 0.66666667 0.70196078 0.73333333 0.79607843
 0.4        0.74509804 0.2745098  0.59607843 0.6627451  0.36862745
 0.47843137 0.24705882 0.81960784 0.57647059 0.54117647 0.65098039
 0.41568627 0.44313725 0.27843137 0.32156863 0.4627451  0.44705882
 0.70588235 0.18039216 0.63921569 0.50196078 0.51372549 0.69411765
 0.71372549 0.47058824 0.74901961 0.65882353 0.3372549  0.25882353
 0.68627451 0.6        0.7372549  0.72156863 0.67058824 0.79215686
 0.78039216 0.69019608 0.77254902]",1,[0.],1
10,dst_host_same_srv_rate,101,"[0.81 0.42 0.91 1.   0.86 0.96 0.89 0.99 0.4  0.98 0.88 0.11 0.92 0.09
 0.23 0.06 0.5  0.74 0.07 0.19 0.54 0.46 0.04 0.95 0.01 0.   0.05 0.41
 0.21 0.87 0.53 0.03 0.16 0.59 0.93 0.22 0.29 0.2  0.35 0.82 0.1  0.45
 0.33 0.52 0.55 0.85 0.48 0.6  0.83 0.84 0.94 0.38 0.3  0.97 0.14 0.65
 0.75 0.26 0.47 0.58 0.13 0.44 0.37 0.67 0.12 0.02 0.78 0.17 0.9  0.32
 0.72 0.39 0.08 0.49 0.27 0.8  0.43 0.36 0.79 0.18 0.57 0.31 0.76 0.15
 0.56 0.73 0.64 0.63 0.34 0.61 0.51 0.24 0.68 0.62 0.7  0.25 0.66 0.71
 0.28 0.69 0.77]",1,[0.],0
11,dst_host_diff_srv_rate,75,"[0.1  0.03 0.02 0.01 0.12 0.   0.06 0.04 0.07 0.75 0.5  0.11 0.45 1.
 0.72 0.22 0.93 0.36 0.05 0.4  0.09 0.67 0.13 0.29 0.08 0.8  0.38 0.15
 0.62 0.86 0.25 0.14 0.79 0.18 0.94 0.21 0.9  0.6  0.68 0.33 0.83 0.17
 0.35 0.82 0.51 0.27 0.2  0.73 0.89 0.3  0.41 0.66 0.19 0.39 0.64 0.65
 0.69 0.76 0.42 0.54 0.71 0.24 0.23 0.37 0.84 0.44 0.88 0.85 0.55 0.49
 0.16 0.87 0.58 0.31 0.78]",956,"[0.00000000e+00 8.70648000e-03 6.00549600e-03 1.76352410e-02
 3.65629500e-02 1.17863420e-02 5.14128800e-03 2.35867800e-02
 4.49433900e-03 2.07471400e-02 1.24195665e-02 2.92456150e-03
 3.53182850e-02 5.51342960e-03 2.31140850e-03 9.80959800e-03
 3.45933600e-02 2.55119800e-03 5.65332170e-03 1.59606340e-02
 8.45399500e-03 6.42398000e-03 4.56342100e-03 1.65600630e-02
 2.55960230e-03 2.08790750e-02 2.80765150e-02 1.18255620e-03
 1.04045120e-02 2.74384020e-03 2.39101050e-03 1.65767970e-02
 7.69621130e-03 1.57852920e-02 2.83208500e-03 1.70589240e-02
 1.43089000e-02 3.87412300e-03 1.79732140e-02 8.08364150e-03
 1.57627310e-02 1.83907900e-02 7.13029500e-03 4.40666100e-03
 3.99872660e-03 3.95613600e-02 6.95893170e-03 5.35818930e-03
 1.73105450e-02 4.13700940e-03 5.56489830e-03 2.70411070e-02
 4.20796870e-03 2.17139720e-04 5.08606430e-04 5.03483400e-03
 1.11269210e-02 9.83209900e-03 2.84346940e-03 5.67352770e-03
 2.32365730e-03 2.56681440e-03 6.18743900e-03 1.34129970e-02
 2.17033480e-02 2.18847100e-02 2.63771410e-03 2.00976730e-02
 4.12035000e-03 1.53875350e-03 5.49283620e-03 1.81154010e-02
 3.80074980e-03 2.42283340e-02 1.24865320e-02 1.39027830e-04
 2.70025580e-02 3.38076200e-02 2.82923430e-02 6.00906000e-02
 5.75259330e-03 7.43946430e-03 3.43334380e-02 9.99742700e-03
 3.77309320e-02 2.61951680e-02 1.17084980e-02 5.43004270e-03
 9.93214550e-03 1.06797370e-02 1.02312565e-02 9.00016700e-03
 1.69023570e-02 7.02869900e-03 3.97005700e-03 9.75306300e-03
 1.51090470e-02 5.59714440e-03 2.12256160e-02 1.33828370e-02
 5.85719940e-03 8.90553000e-03 3.48487500e-03 1.94966050e-02
 2.09465620e-03 6.38645900e-03 5.47122960e-03 5.60408830e-03
 2.44626100e-02 7.99241700e-03 2.96642480e-02 7.02041400e-03
 8.39272100e-03 1.45920515e-02 2.39431860e-04 4.97287500e-03
 1.58140660e-02 2.22536920e-03 1.06934310e-02 1.27660780e-02
 1.09621880e-03 3.35544350e-03 1.77203120e-02 5.48377630e-03
 1.61945820e-02 2.24888320e-04 1.31157040e-03 7.31974840e-04
 6.06423600e-03 1.65887770e-02 2.26440730e-02 4.43828100e-03
 6.15367300e-03 1.40225890e-02 5.75518600e-03 3.37859990e-03
 1.07981860e-02 1.15276280e-02 4.36228500e-03 2.01511230e-02
 9.91566500e-03 2.30601280e-02 7.64217970e-03 2.11275520e-02
 6.26319650e-03 8.56927000e-03 1.21846650e-02 7.85666700e-03
 1.57204270e-03 1.00843460e-02 2.02655800e-03 1.58512440e-02
 2.63048560e-02 2.55870820e-03 2.34567820e-02 2.62129300e-03
 1.90852430e-02 6.10476730e-03 2.07248330e-03 4.60299850e-03
 4.68909740e-03 7.50979800e-03 3.00270020e-02 1.93556100e-02
 4.39829080e-02 2.30300430e-03 1.13464890e-02 7.96809800e-03
 7.11134080e-03 9.40361600e-03 1.29872710e-02 5.80796600e-03
 2.27282200e-02 1.51273160e-02 3.98267360e-02 7.13089100e-03
 5.02622130e-03 9.02034300e-03 2.34341470e-02 3.79464630e-02
 6.96992870e-03 1.05686635e-02 4.43395970e-03 1.04779750e-02
 2.15122100e-03 6.78211450e-03 1.78266910e-02 1.07108350e-02
 1.12675730e-02 7.28678700e-03 4.86403700e-04 1.14753840e-03
 3.32292470e-02 1.14448520e-02 1.79517270e-03 7.57235300e-03
 3.62245000e-02 2.49014200e-02 1.09998140e-02 1.11140610e-02
 3.47298380e-03 6.61307570e-03 8.55386260e-04 7.45475300e-04
 2.74059920e-02 4.57802400e-03 7.90491700e-03 7.58424400e-03
 1.16457045e-02 1.71661380e-05 2.57128330e-02 1.81253550e-02
 9.59098340e-04 1.01441140e-03 1.93893910e-04 1.42955180e-02
 1.20174140e-02 5.92738400e-03 3.51062420e-03 2.00672000e-02
 1.42770860e-02 2.80874970e-03 3.91304500e-04 1.55429840e-02
 1.67769940e-02 1.81168320e-03 2.54642960e-03 1.05259420e-02
 3.73745560e-02 5.06921700e-02 1.24598890e-02 1.37619970e-02
 1.27584340e-02 4.14431100e-03 1.38419870e-03 1.74740700e-02
 9.29530000e-03 1.63964780e-02 9.48415700e-03 6.88970100e-04
 1.38871970e-02 7.42110600e-03 1.90907720e-03 1.52146820e-02
 1.47344320e-02 4.14547320e-03 8.90311600e-03 8.47598900e-03
 6.11665840e-03 6.60052900e-03 1.12880020e-02 2.51820530e-02
 1.40801970e-02 1.42231880e-02 1.21351630e-02 7.63970600e-03
 7.66742230e-03 3.05035700e-03 4.62666150e-03 9.99638400e-03
 4.28962700e-03 1.35965050e-02 1.25134290e-02 9.11270100e-03
 1.69157390e-02 1.02884770e-02 5.54323200e-06 3.16516760e-02
 1.32369100e-02 1.30825340e-02 1.41022650e-02 5.42014840e-03
 1.60455700e-03 6.04590770e-03 8.18622100e-03 8.55484600e-03
 2.23892330e-02 4.39554450e-04 1.00418930e-03 4.84368200e-03
 5.86122270e-03 1.23744760e-02 8.89341500e-03 3.17239460e-02
 2.33941230e-02 1.59850270e-02 4.18835130e-02 2.48257820e-02
 1.68827180e-03 3.06957960e-02 9.09656300e-04 2.49171260e-03
 2.42563190e-02 6.38979670e-03 1.10522810e-02 6.34685160e-03
 7.15270640e-03 1.35062930e-02 1.93443150e-02 1.69781300e-02
 9.24794400e-03 1.36834530e-02 2.02756820e-02 7.85285200e-03
 2.57849250e-02 4.53418500e-03 1.10085310e-02 2.91827920e-02
 1.04194880e-03 1.81386020e-02 2.20543150e-03 1.52124610e-02
 3.07363270e-03 1.52030590e-02 2.47905100e-02 1.51684580e-02
 1.72573630e-02 2.34047470e-02 1.69083480e-03 1.27819180e-02
 1.03289630e-02 1.78501460e-02 1.02179800e-02 4.30098180e-03
 7.41630800e-04 1.27890410e-02 5.32540700e-03 2.21840440e-02
 9.37560200e-03 1.55264140e-03 9.52184200e-05 3.50111720e-03
 6.76089530e-03 7.75197150e-03 1.52732730e-02 1.43596080e-02
 9.10411800e-03 6.24492760e-03 1.39732660e-02 1.90922770e-02
 7.42113600e-03 8.61173900e-03 1.42720340e-03 9.02684000e-03
 5.24830800e-03 2.31969360e-03 4.99129300e-03 6.43533470e-03
 1.25794110e-02 1.32045150e-03 1.03271600e-02 2.86996360e-03
 6.21104240e-03 1.10706985e-02 2.31509500e-02 1.33309215e-02
 2.16272470e-03 1.70057710e-02 4.09349800e-03 1.04256870e-02
 2.01443880e-02 1.84375050e-03 4.04247640e-03 1.07681750e-02
 2.00892540e-02 1.62242800e-02 8.23515700e-03 1.31421980e-02
 1.16727350e-02 2.90828940e-02 5.25108000e-03 1.93163750e-03
 7.20399600e-03 2.42492560e-03 9.71126600e-03 1.13740560e-03
 2.55657580e-02 1.06778145e-02 2.84293300e-03 1.40685440e-02
 1.89277530e-02 1.57006380e-02 2.16720400e-02 1.66476370e-02
 1.04824600e-02 1.20545920e-02 2.31322650e-03 2.20348090e-02
 1.51977840e-02 2.75850300e-04 1.55840810e-02 1.51373300e-02
 2.44905200e-02 7.72404670e-03 7.49826400e-05 5.78868400e-03
 1.84857850e-03 1.98725460e-02 4.45073840e-03 1.33710350e-02
 1.27443670e-03 3.22481240e-02 7.64304400e-03 1.63121070e-02
 1.13422570e-02 8.61853400e-03 4.79102130e-03 6.00367800e-03
 5.96570970e-03 2.41320880e-02 1.69025800e-02 6.02361560e-03
 1.05049910e-02 3.24262980e-02 3.36314900e-02 8.16920400e-03
 1.94663700e-02 1.46914570e-02 2.81242880e-02 8.61281200e-03
 2.05341280e-02 1.49162860e-02 9.98723500e-03 5.96439840e-03
 3.37360200e-02 6.36890530e-03 1.17287340e-02 5.17159700e-04
 9.39026500e-03 1.80592240e-02 3.88732550e-03 1.52007640e-02
 1.78832110e-02 2.32345610e-02 1.33305790e-04 1.70707700e-04
 6.06775300e-05 5.67495800e-04 7.43478540e-04 2.36943510e-02
 2.43861680e-02 4.94334100e-03 1.78715740e-02 6.44367930e-03
 1.72578990e-02 1.09799210e-02 5.97864400e-04 3.21753030e-02
 4.21702860e-05 1.34131910e-02 2.01339420e-02 1.21483210e-03
 9.58630400e-03 2.76690720e-03 2.04702170e-02 2.76011230e-03
 6.19819760e-03 1.18146240e-02 1.52658670e-02 5.39419050e-03
 1.89753620e-02 1.06301755e-02 8.76130200e-03 3.04016470e-03
 1.05720760e-03 5.39404150e-03 7.08827380e-03 7.77691600e-04
 1.13001910e-02 1.47958700e-02 6.26888870e-03 4.75680830e-03
 8.60095000e-04 7.69150260e-03 6.02760900e-03 6.31925460e-03
 1.02681960e-02 7.47147200e-03 2.02801820e-03 8.87981100e-03
 3.13170100e-02 8.99195700e-03 1.17161270e-02 2.06044610e-02
 1.37652310e-02 1.60894700e-02 2.72923700e-03 1.18123440e-02
 1.61722300e-02 1.68741940e-02 7.45317340e-03 2.50318800e-02
 1.65805670e-02 1.91032000e-02 3.30957770e-03 3.08757720e-02
 2.33528020e-02 1.31439570e-02 1.97933470e-02 3.74042990e-03
 5.97366700e-03 1.98192450e-02 8.19861900e-03 1.56595400e-02
 1.41534060e-02 1.51962940e-02 2.25191120e-02 5.98990900e-03
 1.44506990e-02 4.85509630e-04 1.03338510e-02 1.14755630e-02
 2.20501420e-03 1.14942940e-02 2.96261900e-03 6.01172450e-04
 8.02010300e-04 3.49766020e-03 4.98032570e-03 9.58892700e-03
 7.69883400e-03 1.76814800e-02 2.23721270e-02 3.83469460e-03
 2.56881120e-03 9.32416300e-03 1.69277340e-02 1.84957390e-02
 3.64351270e-03 6.78551200e-03 9.80031500e-03 5.28773670e-03
 1.40123220e-02 9.10238900e-03 2.69201400e-03 2.32672700e-03
 1.61337850e-03 6.10864160e-03 1.36318800e-03 1.27899350e-02
 4.29352370e-02 7.00491670e-03 1.96528290e-02 5.65424560e-03
 4.10470370e-03 4.92221560e-02 5.73271500e-03 5.14405970e-03
 9.03178750e-03 3.82187960e-03 2.86934670e-02 8.80141600e-03
 3.95756960e-03 5.39159770e-03 8.59499000e-03 2.16948690e-02
 7.95468700e-03 1.09591630e-02 7.00011850e-03 2.09842030e-02
 1.49413940e-03 1.57004600e-03 1.87061880e-02 1.06882600e-02
 4.04682760e-03 1.38072220e-02 1.51167510e-02 2.58022100e-02
 5.68479300e-04 1.57028440e-03 1.45912320e-02 8.84665550e-03
 2.72526740e-02 3.90747500e-02 8.64589200e-03 2.32562270e-02
 1.55510010e-02 2.23442320e-02 2.41252780e-03 2.32865810e-02
 2.92618420e-02 8.83966700e-04 4.79716060e-03 1.32745500e-02
 4.21547900e-03 9.30985800e-03 9.60928200e-03 2.98111440e-02
 2.97369660e-02 2.30775920e-02 1.89815610e-02 1.31634620e-02
 8.76942300e-03 9.57129900e-03 1.46358310e-02 1.14036650e-02
 2.60176510e-02 1.24421270e-02 1.47543400e-02 1.11454430e-02
 3.29083060e-02 1.47852600e-02 2.34578850e-02 1.57773940e-02
 7.42632150e-03 4.97227900e-03 3.31515070e-03 1.34229660e-04
 3.70328430e-02 9.27510900e-03 1.57349700e-02 3.65367530e-03
 4.96462000e-03 1.09153990e-03 2.97972560e-03 9.02669100e-03
 1.50350930e-02 5.45457000e-03 1.08164550e-03 2.45144960e-03
 1.11723240e-02 2.05238760e-02 1.53647065e-02 1.15007610e-02
 1.05235870e-02 5.88780640e-03 5.00649200e-04 3.70095070e-02
 1.42088530e-03 1.69299100e-02 5.79997900e-03 1.16927475e-02
 4.76709000e-03 1.05908360e-02 1.01043280e-02 9.83879000e-03
 8.54685900e-03 8.25697200e-03 1.36018400e-02 2.25889680e-03
 4.49531670e-02 2.47034280e-02 3.87072560e-04 1.41718540e-02
 2.26501970e-02 8.31741100e-03 1.98568400e-02 7.82248400e-03
 1.16749850e-02 9.07525400e-03 4.95770570e-03 3.68991050e-02
 9.04494500e-03 1.37152370e-02 1.16254390e-02 5.24666900e-03
 2.46519600e-02 8.30954300e-03 1.48626860e-02 1.78844030e-02
 6.99976100e-03 5.63254950e-03 2.59652730e-03 8.92534850e-03
 1.49462670e-02 3.27584150e-03 1.59876200e-02 9.02803200e-03
 3.06993280e-02 1.28573480e-02 4.99197840e-03 5.40804860e-03
 1.75390690e-02 2.04029680e-02 3.58510020e-03 8.07005200e-03
 1.94004480e-02 1.05306060e-02 1.91539530e-03 4.29120660e-03
 3.28062180e-02 4.25666570e-03 9.74598500e-03 1.20156260e-02
 1.37365310e-02 2.81364170e-02 4.20957800e-04 2.44052560e-02
 1.67820600e-02 1.66046920e-02 1.19481830e-02 2.34655300e-02
 8.18797900e-03 3.51512430e-03 2.36129610e-02 6.40028700e-03
 8.38577750e-03 8.00988100e-03 7.65216350e-03 1.79223120e-02
 1.85352860e-02 8.65370040e-04 2.35111420e-02 2.38865610e-04
 9.43690540e-04 1.80786400e-02 6.74736500e-03 2.00638030e-02
 2.87065800e-02 2.28334070e-02 1.78353790e-02 1.26063970e-02
 1.28465150e-02 1.15382520e-02 1.80647670e-02 2.01463700e-04
 1.39524940e-02 1.91825180e-02 1.64694640e-02 5.74898700e-03
 1.16378665e-02 2.64370300e-02 1.98251160e-02 1.07491020e-03
 1.91399750e-02 1.25117150e-02 1.72669740e-02 2.60799830e-02
 5.07780900e-03 1.56534310e-02 2.66967420e-02 2.71877650e-03
 6.89706200e-03 1.47003080e-02 7.19633700e-03 3.19993500e-03
 1.32188200e-03 1.76521990e-02 7.52368570e-03 1.19144770e-02
 6.42773500e-03 2.03265100e-02 2.80857100e-04 2.61217060e-02
 4.06450030e-03 3.37070230e-03 1.13706440e-02 4.37951100e-03
 1.03871520e-02 6.72078130e-03 1.74759630e-02 7.36460100e-03
 2.83250210e-03 4.71848250e-03 1.13280270e-02 1.48163440e-02
 1.52067690e-02 1.77466270e-02 1.10706540e-02 9.22896000e-03
 1.10430420e-02 5.56200740e-04 1.19987280e-02 5.57822000e-03
 1.28931550e-02 6.50420800e-03 5.31536340e-03 2.62302160e-03
 1.21273400e-02 2.57731970e-02 1.60574910e-04 1.13949925e-02
 1.22359395e-02 1.51101200e-02 2.31704410e-02 1.46531460e-02
 9.30680300e-03 1.88680000e-02 1.85607820e-02 1.49800630e-02
 4.38237200e-03 1.44371390e-02 1.17637810e-02 2.78878210e-03
 1.71189760e-02 8.46415800e-03 5.30171400e-03 5.73954000e-03
 5.61910870e-03 8.51240800e-03 5.73813900e-04 1.16689350e-02
 1.87626930e-02 8.00541000e-03 1.37161170e-02 1.00701600e-02
 3.52135300e-03 9.96682050e-03 6.48635630e-03 2.39748210e-02
 2.77887430e-02 5.54293400e-04 2.78486460e-02 1.06948610e-03
 1.69439760e-02 1.04513470e-02 1.06224720e-02 4.86907360e-03
 2.15616820e-03 1.25591310e-02 1.91589600e-02 6.27681600e-03
 7.92288800e-03 9.25976000e-03 2.12871880e-02 2.99093130e-03
 8.74877000e-04 1.54149530e-03 2.66027600e-02 4.64964500e-02
 4.22269100e-04 1.14663390e-02 5.53816560e-04 1.31896140e-02
 2.28843840e-02 3.93212900e-02 6.95946800e-03 8.94053300e-03
 1.65547430e-02 6.61680100e-03 1.34093170e-02 6.02376460e-03
 1.62819920e-02 1.61498790e-03 3.61726430e-02 1.38929040e-02
 6.79838660e-03 2.91249300e-02 2.31015680e-03 1.61577170e-02
 2.02099530e-02 3.07390100e-03 1.84679030e-02 7.11402300e-03
 1.14959480e-02 1.69366450e-02 9.41413600e-03 7.02422860e-03
 5.97116350e-03 4.96158000e-03 1.36980560e-02 3.22970750e-03
 1.13931300e-03 1.50223230e-02 7.23168250e-03 1.86955930e-03
 1.60930160e-02 8.58885050e-03 8.23226600e-03 1.07469410e-02
 1.36508350e-02 1.84202790e-02 7.94887500e-03 1.16097030e-02
 4.74214550e-04 9.92353300e-03 4.41524400e-03 1.25682950e-02
 2.34216450e-03 1.03738755e-02 9.60750900e-03 1.40318270e-03
 1.19927230e-02 1.05018765e-02 1.31255835e-02 1.04070750e-02
 3.93772130e-03 1.27056090e-02 1.79819760e-02 1.15293560e-02
 4.23855930e-02 2.82597540e-02 2.10482930e-02 1.02634430e-02
 1.06984380e-03 1.17097940e-02 1.54714435e-02 3.05950640e-03
 2.23549160e-02 1.30858870e-02 8.33872000e-03 2.72452830e-03
 2.27402300e-02 1.04904030e-02 1.18701760e-02 2.59971470e-02
 2.40560770e-02 2.21872480e-02 6.68057800e-03 9.03262200e-03
 1.84759200e-02 2.55702140e-02 5.96895800e-03 3.35499640e-03
 7.21645360e-03 3.10608740e-03 5.96928600e-03 3.98200750e-03
 2.28119640e-02 1.32094470e-02 1.38249695e-02 4.11152840e-04
 2.86534430e-03 1.01539490e-02 4.73207240e-03 2.00756940e-02
 2.99644470e-03 7.06452130e-03 7.65174600e-04 7.20143300e-04
 9.83257600e-03 1.79014350e-02 1.77374040e-02 7.00476770e-03
 1.25181820e-02 1.90050000e-02 1.64651870e-03 7.16280940e-03
 7.58835670e-03 2.76768200e-03 8.48752300e-03 1.26027320e-02
 8.95427200e-03 1.45818740e-02 8.58902900e-05 1.86614990e-02
 4.99328970e-03 1.69547500e-02 1.27255920e-03 1.46697610e-02
 6.19989630e-03 6.83072200e-03 4.83831760e-03 8.07225700e-04
 6.42815230e-03 6.54080500e-03 9.65836600e-03 1.22267010e-02
 5.01546260e-03 4.24659250e-03 1.86178090e-03 4.56473230e-03
 3.51646540e-03 1.49498730e-02 8.17734000e-03 1.75328550e-02]",955
12,dst_host_same_src_port_rate,53,"[0.03 0.   0.02 1.   0.01 0.11 0.23 0.5  0.04 0.19 0.98 0.16 0.2  0.07
 0.05 0.33 0.93 0.14 0.75 0.17 0.12 0.08 0.1  0.88 0.09 0.06 0.57 0.22
 0.21 0.83 0.86 0.13 0.18 0.9  0.25 0.89 0.28 0.54 0.31 0.91 0.15 0.26
 0.8  0.67 0.62 0.42 0.4  0.46 0.99 0.92 0.3  0.29 0.47]",1,[0.],0
13,dst_host_srv_diff_host_rate,43,"[0.   0.11 0.04 0.22 0.6  0.21 0.38 0.31 0.08 0.01 0.06 0.13 0.02 0.03
 0.05 0.27 0.3  0.09 0.17 0.14 0.33 0.07 0.2  0.25 0.15 0.18 1.   0.23
 0.29 0.19 0.1  0.4  0.12 0.8  0.67 0.5  0.16 0.26 0.28 0.75 0.36 0.24
 0.43]",68,"[0.0000000e+00 5.6955293e-03 1.4194131e-02 8.6490810e-04 8.9616550e-03
 2.4901032e-03 5.2508710e-03 3.4562573e-03 4.0265694e-03 7.7344700e-03
 4.4717640e-04 2.0860508e-03 1.1969358e-04 8.9722050e-03 1.1202000e-02
 3.9719790e-04 1.5895665e-03 1.6395152e-03 4.7646314e-03 1.3202950e-03
 6.9116130e-03 5.8808400e-03 1.3651103e-03 5.1302390e-03 2.6066452e-03
 1.6223714e-03 7.8378620e-04 2.8965995e-03 5.2496790e-05 4.4647455e-03
 9.3007010e-03 5.3583160e-03 4.6278610e-03 1.7669797e-04 3.2283366e-05
 1.5311167e-03 1.3088435e-03 2.2134706e-03 4.2760370e-03 4.0058866e-03
 1.2916327e-04 4.6571420e-03 3.1557232e-03 3.1112134e-04 7.2551740e-03
 5.2292570e-03 8.5179510e-04 5.0840750e-03 7.2564483e-03 3.5074353e-04
 1.2630820e-03 9.4445270e-03 9.9052490e-04 1.1432394e-03 6.3727796e-04
 5.0694942e-03 6.8170800e-03 4.4614375e-03 2.3920760e-03 2.9381365e-03
 1.6332552e-02 3.6141872e-03 9.6634480e-03 1.1928901e-03 9.0160740e-03
 2.2919476e-03 5.7309866e-04 6.6336320e-03]",67
14,dst_host_serror_rate,63,"[0.   0.04 0.5  0.02 0.2  0.01 0.33 0.07 0.27 0.13 0.29 0.19 0.8  0.28
 0.08 0.59 0.65 0.89 0.47 0.45 0.31 0.11 0.14 0.03 0.1  0.17 0.79 0.15
 0.48 0.12 0.49 0.4  0.35 1.   0.58 0.95 0.32 0.78 0.34 0.06 0.16 0.46
 0.91 0.53 0.18 0.51 0.21 0.6  0.63 0.09 0.97 0.39 0.94 0.62 0.24 0.05
 0.56 0.73 0.98 0.38 0.81 0.76 0.44]",18,"[0.         0.02089529 0.006395   0.00162317 0.01924852 0.00935125
 0.00114073 0.00251286 0.00561148 0.00948    0.00064468 0.00068136
 0.00058657 0.00347468 0.00159761 0.00379887 0.00025688 0.00141908]",17
15,dst_host_srv_serror_rate,21,"[0.   0.01 0.77 0.04 0.05 0.07 0.02 0.06 0.91 0.17 0.11 0.08 0.09 0.03
 0.14 1.   0.86 0.2  0.94 0.12 0.99]",44,"[0.0000000e+00 1.9298345e-03 5.1146746e-04 2.6661605e-03 2.1209419e-03
 1.8230081e-03 7.1099700e-03 2.5305450e-03 6.7837536e-04 3.8077831e-03
 2.6856363e-03 3.4314245e-03 5.8528780e-04 4.8633220e-03 6.1321260e-04
 3.6388636e-05 2.5039911e-03 6.4536930e-04 6.2025934e-03 5.1703750e-03
 8.3772840e-04 4.4238420e-03 1.3336584e-02 1.2676418e-04 3.3560395e-03
 9.7346310e-03 2.4752170e-03 5.0215423e-04 3.8646162e-03 1.3961196e-03
 5.0730260e-03 8.8162720e-04 7.1910024e-04 4.7623070e-03 6.0586780e-03
 4.2094140e-03 4.1133016e-03 4.2037666e-04 1.0668635e-03 4.5340060e-03
 5.9060750e-04 3.1983107e-03 8.8590090e-03 2.1768361e-03]",43
16,dst_host_rerror_rate,81,"[0.   0.06 0.02 0.08 0.04 0.32 0.74 0.5  0.07 0.01 0.05 0.44 0.03 0.67
 0.73 0.11 0.58 0.91 0.17 0.35 0.14 0.09 0.99 0.49 0.13 0.76 0.15 0.25
 0.62 0.83 0.39 0.1  0.71 0.78 0.18 0.93 0.92 0.36 0.29 0.12 0.88 0.59
 0.4  0.86 0.69 0.82 0.6  0.64 0.81 0.16 0.51 0.22 0.2  0.8  0.41 0.79
 0.63 0.45 0.66 0.96 0.94 0.42 0.55 0.24 0.53 0.68 0.57 0.75 0.98 0.65
 0.21 0.3  0.85 0.47 0.33 0.52 0.28 0.56 1.   0.87 0.77]",1,[0.],0
17,dst_host_srv_rerror_rate,59,"[0.   0.02 1.   0.03 0.08 0.05 0.04 0.62 0.8  0.01 0.67 0.6  0.81 0.29
 0.17 0.73 0.68 0.11 0.94 0.5  0.84 0.57 0.1  0.09 0.38 0.06 0.25 0.86
 0.75 0.85 0.82 0.33 0.71 0.24 0.76 0.83 0.53 0.7  0.88 0.14 0.77 0.43
 0.2  0.78 0.07 0.74 0.4  0.64 0.98 0.12 0.3  0.89 0.79 0.65 0.52 0.95
 0.9  0.91 0.87]",1,[0.],0
