,Nonfunctional_Feature,Origin-Num_Cat,Origin-Cat,E50-Num_Ad_Cat,E50-Ad_Cat,E50-Num_NotIn_Origin
0,hot,4,[0.         0.01980198 0.00990099 0.02970297],1,[0.],0
1,num_failed_logins,1,[0.],1,[0.],0
2,logged_in,2,[0. 1.],7408,[0.915452   0.8524585  0.9033839  ... 0.8075074  0.7059382  0.62169576],7407
3,num_compromised,2,[0.         0.00125628],1,[0.],0
4,root_shell,1,[0.],366,"[0.00000000e+00 1.20947810e-02 8.06733970e-04 4.89538900e-03
 2.60798630e-03 1.78217890e-03 5.77655430e-03 2.92611120e-03
 2.33623090e-02 9.60405200e-03 1.46107670e-02 3.23642200e-02
 1.08998865e-02 8.56405500e-03 5.04878160e-03 6.80068140e-03
 9.59873200e-04 1.41154080e-02 4.05855500e-03 1.34974720e-04
 1.15829410e-02 6.29501040e-03 2.93862820e-03 1.00896510e-02
 1.67416330e-02 1.73214820e-02 6.61909600e-04 1.52920190e-03
 9.93055100e-03 7.29714330e-03 3.92256700e-03 1.35629330e-02
 5.73988260e-03 1.61755080e-03 7.63557850e-03 6.99779400e-03
 1.23478470e-03 1.93460290e-03 1.66931750e-03 3.31635770e-03
 1.76870230e-02 2.88328530e-03 2.14411320e-03 6.37407600e-03
 1.31529570e-03 6.22040030e-03 1.18000510e-02 6.66727130e-03
 2.79833380e-03 1.30034685e-02 4.13002070e-03 1.04638930e-02
 8.41379170e-04 1.52890380e-03 3.71956830e-03 9.62895200e-03
 1.25758050e-02 1.15218460e-02 1.53303150e-03 8.02084800e-03
 2.51755120e-03 8.78040500e-03 6.87475500e-03 1.45712500e-03
 7.30772300e-03 2.86437570e-03 2.97942760e-03 5.58622200e-03
 2.04773840e-02 1.00001540e-02 3.95485760e-03 4.73195300e-03
 3.40622660e-03 8.73982900e-04 9.58956800e-03 4.41393260e-03
 9.96011500e-03 4.21279670e-03 3.71615600e-03 1.57626870e-02
 2.01578140e-02 1.84857250e-02 7.89447100e-03 9.43160100e-03
 1.47784650e-02 8.93759700e-03 4.08360360e-03 8.75853000e-03
 4.14635240e-03 1.70492830e-02 1.71643500e-03 9.89210600e-03
 8.25038550e-03 1.30084900e-02 1.03564710e-02 2.57796050e-03
 3.68583200e-03 1.16720800e-03 1.70849110e-02 6.95759060e-03
 1.14147370e-03 1.65997450e-03 3.58872120e-03 6.16391000e-03
 9.14037200e-05 1.39589460e-02 6.64892800e-03 6.26054400e-03
 3.06680950e-02 6.76719840e-03 9.34051000e-03 1.09124180e-03
 6.66965540e-03 2.42818900e-03 9.24679600e-03 3.31074000e-04
 6.65442650e-03 1.61722300e-03 1.58713760e-03 1.41072870e-02
 5.86238500e-03 6.26131900e-04 1.36026740e-03 4.16557500e-03
 2.07553800e-03 4.76433340e-03 3.85364900e-03 2.65084200e-03
 1.06019380e-02 4.06961140e-03 1.31854120e-02 1.06286560e-02
 3.10670730e-02 2.65209380e-03 3.84506580e-03 5.22258900e-03
 4.31577860e-03 1.93305310e-03 1.42458975e-02 3.94668730e-02
 2.18594070e-03 4.93887070e-03 1.54271720e-04 1.28687920e-03
 9.94612300e-03 3.32231820e-03 5.40566440e-03 5.40037450e-03
 1.08025370e-02 1.10004840e-03 7.80825300e-03 4.10637260e-03
 8.96333200e-03 9.99543100e-03 2.32107790e-02 8.94264900e-03
 3.04606560e-03 7.09877900e-03 4.08794000e-03 1.43470170e-02
 1.42216680e-04 4.59955630e-03 1.23272840e-03 1.83111430e-03
 1.38144640e-02 1.00289290e-03 1.67691710e-03 7.56087900e-03
 6.46127760e-03 2.71753970e-03 4.91194430e-03 3.27356160e-03
 1.24984090e-02 3.52700050e-03 1.05793625e-02 9.88371700e-03
 7.15495650e-03 1.71363350e-02 1.51148440e-03 9.86829400e-04
 6.89417100e-04 6.88570740e-03 1.21928010e-02 1.78709630e-03
 1.19877160e-02 5.92035060e-03 2.23650040e-03 2.53507500e-03
 3.72323400e-03 1.71442180e-02 8.90688600e-03 7.18319400e-03
 1.69481340e-03 1.05334820e-03 6.83300200e-03 2.47602160e-03
 7.35193500e-04 1.39452815e-02 7.86036250e-05 2.05084680e-02
 4.30734460e-03 3.99976970e-04 8.10854100e-03 4.05758620e-04
 1.39783025e-02 8.99975000e-03 9.63790700e-03 1.18466765e-02
 6.39064600e-03 8.31790300e-03 8.99136070e-04 7.05109540e-03
 1.76583230e-03 3.78786030e-03 1.45113470e-03 2.04364060e-02
 1.47911910e-03 1.36999790e-02 1.05776490e-02 1.76672640e-03
 1.62674490e-03 6.28158450e-04 3.49283220e-04 1.29427910e-02
 8.76388000e-03 4.11157300e-03 4.70006470e-03 8.62330200e-05
 7.88986700e-03 1.42809150e-02 2.07388700e-02 5.00679000e-05
 4.68388200e-04 7.26781800e-03 5.36425400e-03 1.85367170e-02
 2.74544950e-03 6.42997030e-03 5.71428240e-03 2.85010040e-03
 8.09013840e-04 8.95465900e-03 1.10103190e-03 4.21139600e-03
 9.11453400e-03 7.88241600e-04 8.93205400e-04 5.67595660e-03
 1.50397420e-03 6.66976000e-05 3.83406880e-04 1.03261620e-02
 6.11886400e-04 2.08440420e-03 3.27418740e-03 8.87146600e-03
 6.23986100e-04 6.13744560e-03 6.99797270e-03 5.40411470e-03
 7.58910200e-03 3.79695000e-03 5.41552900e-03 2.46396660e-03
 9.02041800e-04 2.23004820e-03 2.75483730e-03 1.15808990e-02
 6.07498000e-03 9.31848600e-03 3.12341750e-03 1.25664470e-03
 6.93026200e-03 8.81399200e-03 1.21214840e-02 5.99029660e-03
 5.90388500e-03 3.92140450e-03 4.61533670e-04 2.46927140e-04
 1.30118880e-02 2.12346020e-03 8.78778100e-03 1.33600830e-02
 8.18757700e-03 6.88837470e-03 3.00452110e-03 1.21174310e-02
 1.60090180e-02 5.80267600e-03 4.79072330e-05 2.39431860e-03
 1.63174570e-02 3.83955240e-03 1.22018010e-02 5.83839400e-03
 3.29703100e-04 4.95077670e-03 9.68223800e-03 3.12139100e-03
 2.51978640e-05 1.47496015e-02 1.30663810e-03 7.79266660e-03
 9.12115000e-03 5.88816400e-03 6.88919430e-03 5.38361070e-03
 7.45700300e-03 3.31759450e-04 1.24927160e-02 2.11228880e-02
 2.75741670e-02 2.92676690e-03 1.98607150e-03 1.13012790e-02
 3.31044200e-04 6.84763500e-03 6.81862240e-04 1.14114580e-03
 2.73722400e-03 7.90767400e-03 7.39395600e-05 7.13723900e-03
 1.32743570e-02 7.39106540e-03 4.74475320e-03 1.16116850e-02
 1.41920600e-02 4.32832540e-03 5.25602700e-03 7.08843770e-03
 3.95280100e-03 1.48519870e-04 4.05363740e-03 1.27315220e-02
 1.47721170e-03 3.47717100e-03 4.70981000e-03 2.93493270e-03
 8.11940400e-03 8.41741300e-03 6.46899640e-03 3.09295950e-03
 9.07108200e-04 1.17455420e-03 1.17038190e-03 3.89143820e-04
 1.30420625e-02 5.97298150e-04 1.28912930e-02 8.45268370e-04
 6.74170260e-03 1.84129180e-03 1.54820080e-03 3.84569170e-04
 6.60672800e-03 1.21766630e-02 5.00853360e-03 1.23040825e-02
 8.10965900e-03 7.40799300e-03 1.04710760e-02 7.98307400e-03
 1.81369480e-03 1.02140010e-03]",365
5,su_attempted,1,[0.],1,[0.],0
6,num_root,1,[0.],1,[0.],0
7,num_file_creations,1,[0.],1,[0.],0
8,num_shells,1,[0.],410,"[0.00000000e+00 3.76010690e-03 7.78660200e-04 3.73486430e-03
 2.08158050e-04 5.77230000e-04 1.29761920e-03 5.20664100e-03
 9.98817400e-04 1.74559280e-03 1.84195860e-03 2.04209600e-03
 2.23572920e-03 1.49941440e-03 3.25470420e-03 2.16616700e-03
 6.79016100e-04 6.85319300e-04 4.61072850e-03 1.40094380e-03
 4.35242430e-03 1.02349370e-03 1.27146020e-03 1.17307900e-03
 1.93186100e-03 8.07243800e-03 2.65925000e-03 4.64636830e-04
 1.88864400e-03 6.32984200e-03 2.37874690e-04 2.78044500e-04
 1.10209490e-02 4.20033200e-03 2.65259300e-03 3.70733440e-03
 8.39391500e-03 3.85555620e-03 9.19008100e-03 2.43075190e-04
 2.57748000e-03 2.72336970e-03 7.13810300e-04 2.59757040e-04
 6.26137850e-03 2.49474120e-03 7.01516870e-04 1.35032090e-03
 1.05372070e-03 8.79592100e-03 1.04478130e-02 2.86185370e-03
 8.85178900e-03 5.87031250e-05 5.01245260e-04 7.08594900e-04
 1.02203340e-03 3.04974620e-04 1.97702650e-03 2.85441060e-03
 1.08355660e-03 7.34001400e-04 9.34623200e-04 6.71774150e-03
 8.31224000e-04 8.83575500e-04 3.18877400e-04 2.51468640e-03
 8.34075700e-03 9.20737900e-03 4.36827900e-03 3.67131080e-04
 1.80822240e-03 1.66680660e-03 3.32032520e-03 6.92661850e-04
 4.55121320e-03 4.66540460e-04 5.22476060e-03 3.84231660e-03
 3.93302370e-03 2.34585260e-04 5.28108700e-03 8.69420500e-03
 6.74824600e-03 6.83631750e-03 3.49875540e-04 6.61697240e-04
 1.00667030e-03 8.36852940e-04 1.47242470e-03 6.45399300e-03
 1.01385210e-02 1.20285900e-03 1.05815980e-02 1.73842160e-03
 2.75672230e-03 3.26735900e-03 1.29313400e-03 3.45110520e-03
 3.35275380e-03 1.05259080e-02 1.03843730e-02 5.09958700e-04
 5.30456750e-03 6.05302500e-03 5.04516800e-03 1.56071040e-04
 1.53646100e-02 2.32162330e-03 3.18679960e-03 6.19227800e-03
 9.46600000e-04 2.78837600e-03 1.05103100e-03 5.87898100e-03
 8.76292600e-04 5.65906600e-03 3.03599980e-03 6.89003600e-04
 4.63891770e-03 2.39939990e-03 1.91053750e-03 1.19719654e-04
 5.72592400e-03 1.65307900e-03 5.09382800e-03 2.10066880e-03
 8.63265250e-04 4.24566100e-03 5.37715500e-03 5.69754470e-03
 6.51459200e-03 1.48459900e-03 2.17173250e-03 2.09422040e-03
 8.42444600e-04 2.49298300e-03 1.03941190e-03 2.93599440e-03
 1.04419890e-03 2.05994400e-03 5.41052200e-03 2.40125500e-03
 8.04279000e-04 1.04345380e-04 1.02754310e-03 1.20073560e-04
 3.35437800e-03 7.15052340e-03 1.97797640e-03 4.46761770e-03
 3.90362740e-03 1.00909190e-02 1.17662180e-03 3.57826430e-03
 1.91794340e-03 1.15449350e-03 5.77002400e-03 2.43535640e-03
 1.71925870e-04 2.12861600e-03 4.50190160e-03 6.99098600e-03
 1.55660140e-03 4.18908900e-04 1.90990790e-03 2.56983560e-03
 5.20870100e-03 6.27573600e-04 3.98218630e-04 8.02643600e-04
 8.73976600e-03 6.38254000e-05 5.33552100e-03 1.33737920e-06
 1.11633910e-03 5.35292920e-03 1.05056910e-03 2.73688880e-03
 2.63103470e-03 3.38811430e-03 5.36032020e-05 1.56201420e-05
 7.81528650e-04 3.33121800e-03 3.91647220e-04 2.10921100e-03
 2.35762450e-04 8.13440050e-03 2.62234360e-03 3.11236830e-03
 3.85779510e-03 3.21797650e-03 8.71872200e-03 3.40697540e-03
 1.10819936e-04 8.73260800e-03 2.25461270e-03 6.29011000e-03
 1.58867990e-03 3.62953920e-03 1.24498830e-03 3.15279140e-03
 5.05672770e-03 3.57262800e-04 4.83676800e-03 4.40118460e-03
 1.50881710e-04 5.48291950e-04 5.74389100e-03 6.87768700e-03
 8.83974100e-05 9.10721700e-04 4.43425770e-03 1.09284000e-03
 2.86330660e-03 4.40360230e-03 1.01933260e-03 2.13260950e-03
 7.89986400e-03 7.09416700e-03 1.91379340e-04 5.66262750e-03
 1.05629860e-03 1.18075910e-02 1.83086840e-04 1.15390870e-04
 5.14748300e-03 4.28517900e-03 7.98776750e-04 4.44144000e-03
 5.49429300e-03 1.77595760e-04 2.61892000e-03 2.13002410e-03
 6.26660900e-04 2.51197440e-03 9.84408000e-04 2.74648140e-03
 2.45410200e-03 4.72352650e-03 1.11962850e-03 4.27281500e-03
 3.92657500e-03 2.98815600e-03 3.41491030e-03 1.47158650e-03
 1.17511170e-02 3.78217920e-03 4.14620340e-03 1.35831160e-03
 3.94023950e-04 1.88028810e-03 5.37365670e-03 5.39374350e-03
 5.70338200e-04 2.19579040e-03 1.13287530e-02 6.44985600e-04
 3.90290100e-03 2.33644250e-03 3.49983570e-04 5.91199850e-04
 6.34416940e-05 1.53983850e-02 3.25106080e-03 1.02166090e-04
 2.29109080e-04 1.29972400e-03 7.98068940e-05 9.05636700e-04
 2.11336460e-03 1.00293360e-02 1.69606510e-03 9.15307550e-04
 8.04381100e-03 4.98894600e-04 1.04832690e-02 1.16273390e-03
 4.17894120e-03 6.96459230e-03 1.16222350e-03 8.39579300e-03
 7.10502270e-04 5.17640260e-04 8.25832600e-03 2.10089240e-03
 1.64213400e-03 4.23014160e-04 1.20922550e-03 7.30653670e-03
 3.37676700e-03 2.47895720e-04 5.36780800e-04 3.62528120e-03
 2.88244340e-04 2.83721100e-03 3.29541790e-03 7.77604240e-03
 3.24337930e-03 1.43060010e-02 6.02656040e-03 5.27118500e-03
 1.14117560e-03 1.04812790e-02 5.07977230e-03 8.61991200e-04
 8.01110300e-03 6.31886160e-03 1.30300220e-03 1.61021950e-03
 4.18175760e-03 3.12662120e-03 2.21113490e-03 4.97345250e-03
 2.32199200e-03 1.71379000e-03 3.51290780e-03 5.98059970e-03
 2.58973240e-03 2.99681350e-03 4.79963400e-03 2.97993420e-04
 3.07897100e-03 1.96686760e-03 3.12324610e-03 1.20692700e-03
 3.78340500e-05 2.90542470e-03 4.58332900e-03 1.15841630e-04
 2.73688140e-03 2.62189280e-03 5.17967700e-03 1.91194940e-03
 2.16712800e-03 2.75244560e-03 6.52640500e-03 2.40168720e-03
 4.26106530e-03 6.93816700e-04 1.05153770e-03 4.85364350e-04
 5.28361280e-03 7.96775000e-03 5.33055500e-04 1.46291780e-03
 6.55866600e-03 8.93381200e-03 1.49313360e-03 4.77501750e-03
 3.56497620e-03 2.37417970e-03 2.55741180e-04 1.28426780e-03
 5.78499600e-03 9.46555300e-04 5.15170400e-04 3.40267640e-03
 1.65255370e-03 2.09798660e-03 5.44115900e-04 3.40488180e-03
 9.04429700e-04 5.98332100e-03 4.81425230e-03 4.29385900e-03
 7.52657650e-04 1.55856830e-03 3.22904440e-04 1.14271420e-03
 4.54477600e-03 3.53118030e-03 6.70705740e-03 7.81055540e-04
 1.51619690e-03 1.43827130e-03 5.87526700e-04 6.34934200e-03
 6.01112840e-05 5.53226100e-03 1.13092360e-04 1.84721870e-03
 2.98320130e-03 6.75298300e-04 1.00455900e-02 6.96719070e-03
 3.49059700e-06 2.46411560e-03 5.89237730e-03 1.39719990e-03
 2.08555900e-03 1.66703760e-03 6.02099500e-03 9.32469960e-04
 1.23534720e-03 2.08005310e-04 2.52913300e-03 4.93463500e-03
 9.00969500e-03 2.75490800e-03 2.02192370e-03 9.91825900e-03
 1.43107030e-04 7.38333900e-04 5.05613900e-03 4.00815160e-04
 2.26721170e-05 7.53220170e-03]",409
9,num_access_files,1,[0.],1,[0.],0
10,num_outbound_cmds,1,[0.],1,[0.],0
11,is_host_login,1,[0.],1,[0.],0
12,is_guest_login,1,[0.],7417,[0.04223631 0.04032091 0.04196471 ... 0.05139805 0.05300929 0.06214884],7417
13,count,447,"[0.00195695 0.06457926 0.25244618 0.99804305 0.02739726 0.0665362
 0.13502935 0.46966732 0.47358121 0.19373777 0.09589041 0.42270059
 0.23287671 0.10958904 0.43052838 0.91193738 0.25636008 0.21722114
 0.12524462 0.21330724 0.99608611 1.         0.22113503 0.31898239
 0.00978474 0.20547945 0.17612524 0.54403131 0.21526419 0.49706458
 0.31702544 0.52641879 0.27005871 0.47162427 0.45009785 0.53228963
 0.45596869 0.1037182  0.00587084 0.19765166 0.02152642 0.54990215
 0.2407045  0.48336595 0.25440313 0.10763209 0.27984344 0.44618395
 0.29549902 0.51663405 0.26418787 0.28767123 0.00391389 0.43835616
 0.25831703 0.32485323 0.28180039 0.57142857 0.00782779 0.2074364
 0.23874755 0.52837573 0.48923679 0.10567515 0.13111546 0.45205479
 0.55968689 0.01369863 0.04109589 0.2778865  0.20156556 0.33463796
 0.47553816 0.30528376 0.23483366 0.5146771  0.05283757 0.32093933
 0.50880626 0.4109589  0.38943249 0.33659491 0.47749511 0.11154599
 0.1409002  0.06262231 0.05479452 0.39334638 0.4148728  0.12328767
 0.05675147 0.4481409  0.05870841 0.46183953 0.85322896 0.4853229
 0.44227006 0.1369863  0.6555773  0.54207436 0.02544031 0.11350294
 0.25048924 0.59295499 0.2446184  0.26614481 0.03913894 0.47945205
 0.41682975 0.34833659 0.481409   0.19960861 0.08219178 0.09001957
 0.01761252 0.24266145 0.04305284 0.32876712 0.04500978 0.04696673
 0.42074364 0.48727984 0.46575342 0.39921722 0.86497065 0.26810176
 0.42661448 0.0332681  0.22309198 0.39726027 0.43639922 0.15655577
 0.3816047  0.06066536 0.55577299 0.40704501 0.28962818 0.56947162
 0.27201566 0.01565558 0.34246575 0.43444227 0.67318982 0.53816047
 0.12720157 0.18003914 0.58121331 0.37964775 0.21917808 0.40313112
 0.19569472 0.01956947 0.02348337 0.36790607 0.52250489 0.88649706
 0.02935421 0.50293542 0.50489237 0.18982387 0.28571429 0.55381605
 0.08023483 0.26223092 0.57925636 0.35420744 0.30332681 0.15851272
 0.42465753 0.5851272  0.42857143 0.07632094 0.71037182 0.11545988
 0.5518591  0.40117417 0.22896282 0.35029354 0.39138943 0.22700587
 0.5890411  0.2035225  0.0704501  0.54011742 0.22504892 0.21135029
 0.29941292 0.44422701 0.46379648 0.09393346 0.88454012 0.35812133
 0.36203523 0.28375734 0.56751468 0.33268102 0.05088063 0.07827789
 0.26027397 0.74363992 0.8962818  0.54794521 0.13894325 0.23091977
 0.44031311 0.56555773 0.99412916 0.53424658 0.07436399 0.53033268
 0.37573386 0.29745597 0.14677104 0.09784736 0.27592955 0.16634051
 0.45792564 0.06849315 0.20939335 0.07240705 0.3776908  0.75733855
 0.16242661 0.45401174 0.52054795 0.11741683 0.41878669 0.36986301
 0.14872798 0.29354207 0.45988258 0.49902153 0.04892368 0.50684932
 0.24657534 0.14481409 0.60273973 0.56164384 0.32289628 0.12915851
 0.52446184 0.37377691 0.89236791 0.70254403 0.01174168 0.80626223
 0.30136986 0.46771037 0.15068493 0.51272016 0.08414873 0.23679061
 0.11937378 0.36399217 0.09980431 0.41291585 0.69471624 0.49510763
 0.18590998 0.58317025 0.58708415 0.18786693 0.10176125 0.7964775
 0.37181996 0.2739726  0.83953033 0.49315068 0.18395303 0.85518591
 0.518591   0.1741683  0.31506849 0.17808219 0.43248532 0.51076321
 0.57338552 0.95694716 0.61643836 0.15264188 0.83561644 0.50097847
 0.49119374 0.33855186 0.38356164 0.7925636  0.39530333 0.40508806
 0.32681018 0.35616438 0.19178082 0.38747554 0.70450098 0.53620352
 0.30919765 0.12133072 0.85714286 0.03522505 0.90019569 0.3111546
 0.63796477 0.24853229 0.56360078 0.35225049 0.7553816  0.6223092
 0.74951076 0.29158513 0.40900196 0.86692759 0.31311155 0.15459883
 0.3072407  0.94911937 0.97651663 0.17221135 0.61252446 0.86105675
 0.98434442 0.61056751 0.54598826 0.78277886 0.63013699 0.13307241
 0.81409002 0.36007828 0.93150685 0.57729941 0.9667319  0.08610568
 0.57534247 0.60078278 0.71428571 0.16046967 0.98630137 0.94324853
 0.73189824 0.1702544  0.9334638  0.03131115 0.08806262 0.68493151
 0.36594912 0.64383562 0.55772994 0.91976517 0.8297456  0.16438356
 0.7260274  0.38551859 0.037182   0.64774951 0.87475538 0.83757339
 0.60665362 0.7592955  0.3444227  0.71819961 0.84931507 0.34637965
 0.14285714 0.92563601 0.77299413 0.71624266 0.09197652 0.88258317
 0.73972603 0.90215264 0.8630137  0.18199609 0.93737769 0.84148728
 0.64970646 0.84344423 0.78864971 0.62818004 0.95303327 0.63405088
 0.80821918 0.72407045 0.60861057 0.76516634 0.62035225 0.92367906
 0.91780822 0.78082192 0.81800391 0.33072407 0.97064579 0.74559687
 0.65753425 0.67906067 0.6927593  0.88062622 0.76712329 0.16829746
 0.62622309 0.83365949 0.99021526 0.73385519 0.9295499  0.64187867
 0.87279843 0.34050881 0.65166341 0.6888454  0.63992172 0.77495108
 0.72015656 0.65362035 0.96868885 0.87866928 0.69667319 0.74168297
 0.90410959 0.99217221 0.69080235 0.962818   0.98825832 0.90802348
 0.67123288 0.81996086 0.83170254 0.75342466 0.66144814 0.73581213
 0.59099804 0.98238748 0.70058708 0.87671233 0.76908023 0.70841487
 0.82387476 0.96086106 0.68101761 0.93933464 0.80039139 0.68688845
 0.89823875 0.60469667 0.86888454 0.90606654 0.89041096 0.77103718
 0.66536204 0.95499022 0.59491194]",1,[0.],1
14,dst_host_count,154,"[1.         0.44705882 0.17647059 0.61960784 0.25882353 0.7372549
 0.81176471 0.79215686 0.56862745 0.34901961 0.68627451 0.34509804
 0.32156863 0.96078431 0.77647059 0.64705882 0.00392157 0.68235294
 0.80392157 0.93333333 0.14901961 0.91372549 0.87843137 0.96862745
 0.42352941 0.25490196 0.00784314 0.44313725 0.12156863 0.5372549
 0.07058824 0.94509804 0.69411765 0.65882353 0.78431373 0.08235294
 0.91764706 0.37254902 0.98823529 0.18039216 0.1372549  0.54117647
 0.92941176 0.65490196 0.48627451 0.01176471 0.05490196 0.63529412
 0.77254902 0.22745098 0.26666667 0.9254902  0.23921569 0.95686275
 0.29803922 0.29019608 0.03137255 0.31764706 0.88235294 0.71372549
 0.61568627 0.90196078 0.83921569 0.69803922 0.09019608 0.9372549
 0.86666667 0.70196078 0.97254902 0.92156863 0.60392157 0.13333333
 0.4627451  0.38431373 0.02745098 0.85098039 0.10196078 0.16470588
 0.81568627 0.73333333 0.56078431 0.43529412 0.04705882 0.32941176
 0.4        0.63137255 0.25098039 0.99215686 0.75686275 0.09803922
 0.50980392 0.35294118 0.29411765 0.8627451  0.39607843 0.76470588
 0.10980392 0.7254902  0.33333333 0.72156863 0.35686275 0.89803922
 0.49019608 0.27843137 0.17254902 0.99607843 0.30588235 0.8745098
 0.2        0.4745098  0.98431373 0.5254902  0.89411765 0.18823529
 0.97647059 0.23137255 0.94117647 0.01568627 0.94901961 0.90980392
 0.51372549 0.76078431 0.40784314 0.50196078 0.36078431 0.56470588
 0.96470588 0.8        0.09411765 0.85490196 0.58039216 0.45098039
 0.57647059 0.87058824 0.60784314 0.01960784 0.82352941 0.88627451
 0.64313725 0.21176471 0.36862745 0.41176471 0.95294118 0.69019608
 0.34117647 0.22352941 0.53333333 0.52941176 0.11372549 0.45882353
 0.90588235 0.98039216 0.2745098  0.15686275]",7415,[0.5747013  0.54376805 0.56818557 ... 0.5211364  0.45873207 0.43274808],7415
15,dst_host_srv_count,255,"[0.89411765 1.         0.07058824 0.08235294 0.24705882 0.59215686
 0.25098039 0.99215686 0.03921569 0.06666667 0.99607843 0.04313725
 0.03529412 0.03137255 0.04705882 0.02745098 0.45490196 0.60784314
 0.10980392 0.90196078 0.02352941 0.01176471 0.05882353 0.01960784
 0.69803922 0.05098039 0.20392157 0.94901961 0.92941176 0.0627451
 0.4627451  0.0745098  0.25490196 0.07843137 0.96078431 0.00392157
 0.98431373 0.23529412 0.63921569 0.01568627 0.26666667 0.95686275
 0.32941176 0.45882353 0.79215686 0.28627451 0.81176471 0.85098039
 0.05490196 0.31764706 0.21176471 0.37647059 0.23137255 0.67843137
 0.48235294 0.35686275 0.43529412 0.42745098 0.90588235 0.21960784
 0.00784314 0.56078431 0.23921569 0.54901961 0.91764706 0.76470588
 0.70980392 0.95294118 0.4        0.39607843 0.11372549 0.89803922
 0.76862745 0.42352941 0.22352941 0.24313725 0.47058824 0.60392157
 0.57254902 0.65098039 0.1254902  0.34509804 0.36862745 0.78823529
 0.88627451 0.55294118 0.84705882 0.41568627 0.49803922 0.15294118
 0.55686275 0.92156863 0.97254902 0.73333333 0.71764706 0.83137255
 0.59607843 0.27843137 0.49019608 0.91372549 0.62745098 0.96470588
 0.41176471 0.12941176 0.29019608 0.94509804 0.87058824 0.43921569
 0.43137255 0.52156863 0.88235294 0.48627451 0.33333333 0.64705882
 0.2627451  0.70196078 0.9372549  0.5372549  0.36470588 0.29411765
 0.19607843 0.83529412 0.97647059 0.50980392 0.17647059 0.96862745
 0.6627451  0.52941176 0.22745098 0.98823529 0.14509804 0.1372549
 0.64313725 0.11764706 0.10196078 0.78039216 0.34901961 0.19215686
 0.93333333 0.53333333 0.85882353 0.78431373 0.8        0.80784314
 0.50196078 0.50588235 0.12156863 0.16470588 0.29803922 0.65882353
 0.66666667 0.68235294 0.54117647 0.41960784 0.7372549  0.74901961
 0.82745098 0.31372549 0.71372549 0.90980392 0.16862745 0.68627451
 0.08627451 0.94117647 0.2745098  0.76078431 0.98039216 0.85490196
 0.3254902  0.6        0.44705882 0.25882353 0.58823529 0.45098039
 0.74117647 0.09803922 0.39215686 0.63137255 0.9254902  0.81568627
 0.62352941 0.51764706 0.7254902  0.87843137 0.84313725 0.69411765
 0.35294118 0.81960784 0.63529412 0.8627451  0.56470588 0.2
 0.72941176 0.34117647 0.27058824 0.38823529 0.37254902 0.36078431
 0.18431373 0.5254902  0.89019608 0.77254902 0.17254902 0.32156863
 0.21568627 0.86666667 0.49411765 0.30196078 0.30980392 0.18823529
 0.40784314 0.70588235 0.38431373 0.61568627 0.09019608 0.57647059
 0.16078431 0.20784314 0.58431373 0.83921569 0.61176471 0.3372549
 0.40392157 0.75294118 0.13333333 0.14117647 0.69019608 0.54509804
 0.4745098  0.6745098  0.80392157 0.15686275 0.56862745 0.79607843
 0.8745098  0.61960784 0.28235294 0.44313725 0.38039216 0.58039216
 0.47843137 0.72156863 0.09411765 0.10588235 0.30588235 0.51372549
 0.82352941 0.14901961 0.18039216 0.75686275 0.46666667 0.74509804
 0.67058824 0.65490196 0.77647059]",1,[0.],1
16,dst_host_same_srv_rate,101,"[0.89 1.   0.07 0.08 0.25 0.59 0.99 0.04 0.03 0.05 0.61 0.62 0.9  0.02
 0.01 0.06 0.7  0.2  0.95 0.93 0.46 0.98 0.96 0.   0.24 0.64 0.27 0.41
 0.29 0.81 0.85 0.56 0.21 0.38 0.23 0.68 0.48 0.63 0.43 0.91 0.22 0.55
 0.79 0.92 0.76 0.74 0.4  0.77 0.42 0.47 0.6  0.57 0.65 0.13 0.35 0.37
 0.69 0.5  0.15 0.97 0.72 0.83 0.28 0.49 0.87 0.44 0.52 0.88 0.33 0.94
 0.54 0.36 0.84 0.51 0.18 0.66 0.53 0.14 0.1  0.78 0.19 0.31 0.26 0.86
 0.45 0.11 0.12 0.16 0.3  0.67 0.75 0.71 0.17 0.09 0.32 0.39 0.82 0.73
 0.8  0.34 0.58]",7334,[0.96562284 0.8871073  0.9503593  ... 0.8279085  0.6806695  0.5949261 ],7333
17,dst_host_diff_srv_rate,93,"[0.02 0.   0.07 0.03 0.01 0.08 0.06 0.09 0.05 0.04 0.1  0.15 0.13 0.14
 0.19 0.12 0.73 0.11 0.55 0.4  0.69 0.22 0.39 0.84 0.58 0.21 0.83 0.91
 0.37 0.46 0.52 0.44 0.66 1.   0.17 0.68 0.16 0.76 0.28 0.33 0.45 0.43
 0.78 0.77 0.18 0.74 0.8  0.41 0.47 0.6  0.42 0.9  0.89 0.26 0.71 0.29
 0.49 0.86 0.64 0.3  0.53 0.75 0.25 0.56 0.61 0.24 0.35 0.67 0.65 0.62
 0.57 0.72 0.7  0.38 0.34 0.51 0.27 0.85 0.81 0.82 0.36 0.31 0.87 0.59
 0.96 0.23 0.63 0.32 0.48 0.2  0.5  0.79 0.93]",7415,[0.0659747  0.08290047 0.06907444 ... 0.06522286 0.10172102 0.08032528],7415
18,dst_host_same_src_port_rate,78,"[0.   0.09 0.01 1.   0.62 0.98 0.02 0.41 0.24 0.79 0.13 0.16 0.99 0.83
 0.03 0.05 0.95 0.5  0.14 0.97 0.1  0.06 0.31 0.96 0.54 0.42 0.29 0.48
 0.6  0.9  0.75 0.07 0.38 0.91 0.67 0.12 0.89 0.36 0.77 0.26 0.72 0.92
 0.51 0.93 0.49 0.4  0.04 0.94 0.43 0.33 0.34 0.88 0.61 0.58 0.69 0.73
 0.87 0.32 0.59 0.64 0.18 0.22 0.52 0.86 0.11 0.25 0.82 0.47 0.2  0.55
 0.56 0.27 0.8  0.7  0.71 0.44 0.23 0.76]",7264,[0.00047152 0.01780906 0.00420687 ... 0.04390728 0.09145999 0.11807227],7263
19,dst_host_srv_diff_host_rate,18,"[0.   0.02 0.52 0.03 0.56 0.57 0.51 0.14 0.53 1.   0.54 0.01 0.36 0.22
 0.67 0.6  0.55 0.17]",1,[0.],0
20,dst_host_serror_rate,97,"[0.33 0.04 0.   0.98 0.31 0.01 0.6  0.02 1.   0.57 0.64 0.55 0.44 0.78
 0.77 0.18 0.34 0.83 0.99 0.16 0.5  0.62 0.28 0.14 0.61 0.05 0.15 0.47
 0.87 0.58 0.25 0.09 0.27 0.45 0.12 0.7  0.1  0.56 0.3  0.81 0.13 0.79
 0.35 0.17 0.46 0.65 0.82 0.89 0.29 0.2  0.53 0.49 0.73 0.38 0.11 0.97
 0.24 0.37 0.95 0.51 0.32 0.23 0.07 0.06 0.86 0.63 0.03 0.08 0.71 0.19
 0.75 0.43 0.4  0.39 0.52 0.76 0.59 0.21 0.22 0.91 0.48 0.41 0.8  0.54
 0.85 0.69 0.26 0.68 0.84 0.67 0.42 0.66 0.96 0.36 0.74 0.88 0.72]",1,[0.],0
21,dst_host_srv_serror_rate,99,"[0.37 0.04 0.   1.   0.52 0.97 0.01 0.6  0.02 0.57 0.64 0.43 0.35 0.56
 0.78 0.83 0.19 0.34 0.61 0.59 0.89 0.74 0.14 0.05 0.45 0.92 0.25 0.09
 0.28 0.67 0.8  0.5  0.36 0.55 0.65 0.95 0.91 0.11 0.3  0.84 0.17 0.81
 0.51 0.72 0.46 0.63 0.82 0.94 0.39 0.4  0.18 0.48 0.29 0.69 0.98 0.76
 0.33 0.03 0.1  0.42 0.49 0.38 0.62 0.07 0.23 0.13 0.06 0.44 0.58 0.47
 0.15 0.41 0.2  0.75 0.73 0.77 0.21 0.26 0.71 0.27 0.9  0.32 0.08 0.31
 0.16 0.22 0.79 0.53 0.66 0.68 0.54 0.12 0.7  0.24 0.96 0.93 0.85 0.88
 0.87]",1,[0.],0
22,dst_host_rerror_rate,101,"[0.11 0.68 1.   0.   0.33 0.36 0.73 0.21 0.4  0.31 0.01 0.02 0.04 0.07
 0.18 0.69 0.52 0.23 0.56 0.35 0.65 0.49 0.54 0.7  0.05 0.15 0.38 0.26
 0.03 0.93 0.99 0.06 0.27 0.85 0.29 0.13 0.6  0.63 0.44 0.09 0.22 0.64
 0.37 0.48 0.41 0.58 0.19 0.95 0.98 0.55 0.32 0.72 0.67 0.42 0.2  0.1
 0.12 0.71 0.16 0.81 0.79 0.47 0.45 0.61 0.39 0.51 0.96 0.76 0.46 0.28
 0.94 0.17 0.14 0.97 0.3  0.75 0.83 0.91 0.88 0.9  0.82 0.34 0.87 0.43
 0.08 0.8  0.24 0.53 0.86 0.25 0.5  0.57 0.78 0.59 0.66 0.62 0.89 0.77
 0.84 0.92 0.74]",7376,[0.01301181 0.03286743 0.01667279 ... 0.03389206 0.08195172 0.08130579],7375
23,dst_host_srv_rerror_rate,91,"[0.06 0.68 1.   0.   0.09 0.34 0.36 0.73 0.21 0.4  0.32 0.33 0.01 0.02
 0.04 0.03 0.19 0.44 0.18 0.17 0.59 0.65 0.49 0.11 0.05 0.26 0.95 0.7
 0.41 0.15 0.69 0.27 0.07 0.29 0.57 0.6  0.64 0.54 0.39 0.13 0.48 0.43
 0.22 0.58 0.37 0.89 0.55 0.12 0.08 0.1  0.38 0.61 0.63 0.5  0.67 0.97
 0.9  0.23 0.51 0.28 0.75 0.94 0.2  0.31 0.3  0.71 0.46 0.8  0.24 0.42
 0.25 0.35 0.16 0.53 0.62 0.91 0.56 0.66 0.14 0.45 0.83 0.82 0.52 0.72
 0.47 0.88 0.93 0.74 0.96 0.92 0.98]",1,[0.],0
